packetID,timeMs,pitch_est deg,motor1EncoderPulsesPerSec,motor2EncoderPulsesPerSec,dutyCycle1,dutyCycle2
12683,127006,0.059,-816.543,823.857,0,0
12684,127016,0.063,0.000,0.000,0,0
12685,127026,0.066,0.000,0.000,0,0
12686,127036,0.064,0.000,0.000,0,0
12687,127046,0.071,0.000,0.000,0,0
12688,127056,0.072,0.000,0.000,0,0
12689,127066,0.067,0.000,0.000,0,0
12690,127076,0.067,0.000,0.000,0,0
12691,127086,0.061,0.000,0.000,0,0
12692,127096,0.051,0.000,0.000,0,0
12693,127106,0.051,0.000,0.000,0,0
12694,127116,0.046,0.000,0.000,0,0
12695,127126,0.041,0.000,0.000,0,0
12696,127136,0.040,0.000,0.000,0,0
12697,127146,0.038,0.000,0.000,0,0
12698,127156,0.043,0.000,0.000,0,0
12699,127166,0.046,0.000,0.000,0,0
12700,127176,0.047,0.000,0.000,0,0
12701,127186,0.050,0.000,0.000,0,0
12702,127196,0.054,0.000,0.000,0,0
12703,127206,0.057,0.000,0.000,0,0
12704,127216,0.061,0.000,0.000,0,0
12705,127226,0.059,0.000,0.000,0,0
12706,127236,0.062,0.000,0.000,0,0
12707,127246,0.066,0.000,0.000,0,0
12708,127256,0.069,0.000,0.000,0,0
12709,127266,0.062,0.000,0.000,0,0
12710,127276,0.062,0.000,0.000,0,0
12711,127286,0.057,0.000,0.000,0,0
12712,127296,0.051,0.000,0.000,0,0
12713,127306,0.044,0.000,0.000,0,0
12714,127316,0.037,0.000,0.000,0,0
12715,127326,0.037,0.000,0.000,0,0
12716,127336,0.039,0.000,0.000,0,0
12717,127346,0.048,0.000,0.000,0,0
12718,127356,0.050,0.000,0.000,0,0
12719,127366,0.055,0.000,0.000,0,0
12720,127376,0.063,0.000,0.000,0,0
12721,127386,0.060,0.000,0.000,0,0
12722,127396,0.055,0.000,0.000,0,0
12723,127406,0.058,0.000,0.000,0,0
12724,127416,0.061,0.000,0.000,0,0
12725,127426,0.062,0.000,0.000,0,0
12726,127436,0.068,0.000,0.000,0,0
12727,127446,0.076,0.000,0.000,0,0
12728,127456,0.073,0.000,0.000,0,0
12729,127466,0.069,0.000,0.000,0,0
12730,127476,0.062,0.000,0.000,0,0
12731,127486,0.046,0.000,0.000,0,0
12732,127496,0.032,0.000,0.000,0,0
12733,127506,0.025,0.000,0.000,0,0
12734,127516,0.016,0.000,0.000,0,0
12735,127526,0.024,0.000,0.000,0,0
12736,127536,0.019,0.000,0.000,0,0
12737,127546,0.028,0.000,0.000,0,0
12738,127556,0.035,0.000,0.000,0,0
12739,127566,0.038,0.000,0.000,0,0
12740,127576,0.044,0.000,0.000,0,0
12741,127586,0.047,0.000,0.000,0,0
12742,127596,0.054,0.000,0.000,0,0
12743,127606,0.057,0.000,0.000,0,0
12744,127616,0.058,0.000,0.000,0,0
12745,127626,0.063,0.000,0.000,0,0
12746,127636,0.057,0.000,0.000,0,0
12747,127646,0.055,0.000,0.000,0,0
12748,127656,0.052,0.000,0.000,0,0
12749,127666,0.038,0.000,0.000,0,0
12750,127676,0.030,0.000,0.000,0,0
12751,127686,0.018,0.000,0.000,0,0
12752,127696,0.017,0.000,0.000,0,0
12753,127706,0.016,0.000,0.000,0,0
12754,127716,0.021,0.000,0.000,0,0
12755,127726,0.030,0.000,0.000,0,0
12756,127736,0.036,0.000,0.000,0,0
12757,127746,0.047,0.000,0.000,0,0
12758,127756,0.058,0.000,0.000,0,0
12759,127766,0.059,0.000,0.000,0,0
12760,127776,0.070,0.000,0.000,0,0
12761,127786,0.077,0.000,0.000,0,0
12762,127796,0.086,0.000,0.000,0,0
12763,127806,0.086,0.000,0.000,0,0
12764,127816,0.081,0.000,0.000,0,0
12765,127826,0.078,0.000,0.000,0,0
12766,127836,0.073,0.000,0.000,0,0
12767,127846,0.068,0.000,0.000,0,0
12768,127856,0.061,0.000,0.000,0,0
12769,127866,0.059,0.000,0.000,0,0
12770,127876,0.047,0.000,0.000,0,0
12771,127886,0.039,0.000,0.000,0,0
12772,127896,0.038,0.000,0.000,0,0
12773,127906,0.036,0.000,0.000,0,0
12774,127916,0.037,0.000,0.000,0,0
12775,127926,0.045,0.000,0.000,0,0
12776,127936,0.050,0.000,0.000,0,0
12777,127946,0.061,0.000,0.000,0,0
12778,127956,0.067,0.000,0.000,0,0
12779,127966,0.067,0.000,0.000,0,0
12780,127976,0.069,0.000,0.000,0,0
12781,127986,0.068,0.000,0.000,0,0
12782,127996,0.065,0.000,0.000,0,0
12783,128006,0.058,0.000,0.000,0,0
12784,128016,0.049,0.000,0.000,0,0
12785,128026,0.046,0.000,0.000,0,0
12786,128036,0.044,0.000,0.000,0,0
12787,128046,0.041,0.000,0.000,0,0
12788,128056,0.039,0.000,0.000,0,0
12789,128066,0.033,0.000,0.000,0,0
12790,128076,0.036,0.000,0.000,0,0
12791,128086,0.038,0.000,0.000,0,0
12792,128096,0.042,0.000,0.000,0,0
12793,128106,0.049,0.000,0.000,0,0
12794,128116,0.062,0.000,0.000,0,0
12795,128126,0.065,0.000,0.000,0,0
12796,128136,0.069,0.000,0.000,0,0
12797,128146,0.080,0.000,0.000,0,0
12798,128156,0.081,0.000,0.000,0,0
12799,128166,0.081,0.000,0.000,0,0
12800,128176,0.079,0.000,0.000,0,0
12801,128186,0.075,0.000,0.000,0,0
12802,128196,0.070,0.000,0.000,0,0
12803,128206,0.066,0.000,0.000,0,0
12804,128216,0.054,0.000,0.000,0,0
12805,128226,0.048,0.000,0.000,0,0
12806,128236,0.048,0.000,0.000,0,0
12807,128246,0.043,0.000,0.000,0,0
12808,128256,0.041,0.000,0.000,0,0
12809,128266,0.037,0.000,0.000,0,0
12810,128276,0.036,0.000,0.000,0,0
12811,128286,0.043,0.000,0.000,0,0
12812,128296,0.043,0.000,0.000,0,0
12813,128306,0.055,0.000,0.000,0,0
12814,128316,0.062,0.000,0.000,0,0
12815,128326,0.071,0.000,0.000,0,0
12816,128336,0.072,0.000,0.000,0,0
12817,128346,0.082,0.000,0.000,0,0
12818,128356,0.082,0.000,0.000,0,0
12819,128366,0.081,0.000,0.000,0,0
12820,128376,0.073,0.000,0.000,0,0
12821,128386,0.067,0.000,0.000,0,0
12822,128396,0.062,0.000,0.000,0,0
12823,128406,0.055,0.000,0.000,0,0
12824,128416,0.052,0.000,0.000,0,0
12825,128426,0.052,0.000,0.000,0,0
12826,128436,0.050,0.000,0.000,0,0
12827,128446,0.059,0.000,0.000,0,0
12828,128456,0.060,0.000,0.000,0,0
12829,128466,0.066,0.000,0.000,0,0
12830,128476,0.072,0.000,0.000,0,0
12831,128486,0.077,0.000,0.000,0,0
12832,128496,0.081,0.000,0.000,0,0
12833,128506,0.089,0.000,0.000,0,0
12834,128516,0.094,0.000,0.000,0,0
12835,128526,0.091,0.000,0.000,0,0
12836,128536,0.091,0.000,0.000,0,0
12837,128546,0.084,0.000,0.000,0,0
12838,128556,0.084,0.000,0.000,0,0
12839,128566,0.082,0.000,0.000,0,0
12840,128576,0.087,0.000,0.000,0,0
12841,128586,0.075,0.000,0.000,0,0
12842,128596,0.076,0.000,0.000,0,0
12843,128606,0.077,0.000,0.000,0,0
12844,128616,0.075,0.000,0.000,0,0
12845,128626,0.077,0.000,0.000,0,0
12846,128636,0.075,0.000,0.000,0,0
12847,128646,0.071,0.000,0.000,0,0
12848,128656,0.074,0.000,0.000,0,0
12849,128666,0.076,0.000,0.000,0,0
12850,128676,0.076,0.000,0.000,0,0
12851,128686,0.079,0.000,0.000,0,0
12852,128696,0.080,0.000,0.000,0,0
12853,128706,0.074,0.000,0.000,0,0
12854,128716,0.076,0.000,0.000,0,0
12855,128726,0.078,0.000,0.000,0,0
12856,128736,0.070,0.000,0.000,0,0
12857,128746,0.058,0.000,0.000,0,0
12858,128756,0.053,0.000,0.000,0,0
12859,128766,0.046,0.000,0.000,0,0
12860,128776,0.052,0.000,0.000,0,0
12861,128786,0.047,0.000,0.000,0,0
12862,128796,0.050,0.000,0.000,0,0
12863,128806,0.057,0.000,0.000,0,0
12864,128816,0.060,0.000,0.000,0,0
12865,128826,0.066,0.000,0.000,0,0
12866,128836,0.069,0.000,0.000,0,0
12867,128846,0.080,0.000,0.000,0,0
12868,128856,0.087,0.000,0.000,0,0
12869,128866,0.086,0.000,0.000,0,0
12870,128876,0.087,0.000,0.000,0,0
12871,128886,0.099,0.000,0.000,0,0
12872,128896,0.097,0.000,0.000,0,0
12873,128906,0.098,0.000,0.000,0,0
12874,128916,0.090,0.000,0.000,0,0
12875,128926,0.084,0.000,0.000,0,0
12876,128936,0.078,0.000,0.000,0,0
12877,128946,0.077,0.000,0.000,0,0
12878,128956,0.080,0.000,0.000,0,0
12879,128966,0.075,0.000,0.000,0,0
12880,128976,0.076,0.000,0.000,0,0
12881,128986,0.072,0.000,0.000,0,0
12882,128996,0.074,0.000,0.000,0,0
12883,129006,0.075,0.000,0.000,0,0
12884,129016,0.080,0.000,0.000,0,0
12885,129026,0.085,0.000,0.000,0,0
12886,129036,0.091,0.000,0.000,0,0
12887,129046,0.089,0.000,0.000,0,0
12888,129056,0.091,0.000,0.000,0,0
12889,129066,0.092,0.000,0.000,0,0
12890,129076,0.093,0.000,0.000,0,0
12891,129086,0.090,0.000,0.000,0,0
12892,129096,0.084,0.000,0.000,0,0
12893,129106,0.077,0.000,0.000,0,0
12894,129116,0.080,0.000,0.000,0,0
12895,129126,0.076,0.000,0.000,0,0
12896,129136,0.070,0.000,0.000,0,0
12897,129146,0.065,0.000,0.000,0,0
12898,129156,0.060,0.000,0.000,0,0
12899,129166,0.061,0.000,0.000,0,0
12900,129176,0.053,0.000,0.000,0,0
12901,129186,0.045,0.000,0.000,0,0
12902,129196,0.048,0.000,0.000,0,0
12903,129206,0.050,0.000,0.000,0,0
12904,129216,0.056,0.000,0.000,0,0
12905,129226,0.059,0.000,0.000,0,0
12906,129236,0.064,0.000,0.000,0,0
12907,129246,0.072,0.000,0.000,0,0
12908,129256,0.074,0.000,0.000,0,0
12909,129266,0.070,0.000,0.000,0,0
12910,129276,0.072,0.000,0.000,0,0
12911,129286,0.068,0.000,0.000,0,0
12912,129296,0.064,0.000,0.000,0,0
12913,129306,0.064,0.000,0.000,0,0
12914,129316,0.059,0.000,0.000,0,0
12915,129326,0.059,0.000,0.000,0,0
12916,129336,0.058,0.000,0.000,0,0
12917,129346,0.059,0.000,0.000,0,0
12918,129356,0.062,0.000,0.000,0,0
12919,129366,0.071,0.000,0.000,0,0
12920,129376,0.075,0.000,0.000,0,0
12921,129386,0.072,0.000,0.000,0,0
12922,129396,0.077,0.000,0.000,0,0
12923,129406,0.084,0.000,0.000,0,0
12924,129416,0.091,0.000,0.000,0,0
12925,129426,0.094,0.000,0.000,0,0
12926,129436,0.091,0.000,0.000,0,0
12927,129446,0.086,0.000,0.000,0,0
12928,129456,0.085,0.000,0.000,0,0
12929,129466,0.082,0.000,0.000,0,0
12930,129476,0.082,0.000,0.000,0,0
12931,129486,0.082,0.000,0.000,0,0
12932,129496,0.081,0.000,0.000,0,0
12933,129506,0.086,0.000,0.000,0,0
12934,129516,0.078,0.000,0.000,0,0
12935,129526,0.073,0.000,0.000,0,0
12936,129536,0.072,0.000,0.000,0,0
12937,129546,0.077,0.000,0.000,0,0
12938,129556,0.084,0.000,0.000,0,0
12939,129566,0.089,0.000,0.000,0,0
12940,129576,0.091,0.000,0.000,0,0
12941,129586,0.089,0.000,0.000,0,0
12942,129596,0.096,0.000,0.000,0,0
12943,129606,0.102,0.000,0.000,0,0
12944,129616,0.100,0.000,0.000,0,0
12945,129626,0.102,0.000,0.000,0,0
12946,129636,0.099,0.000,0.000,0,0
12947,129646,0.092,0.000,0.000,0,0
12948,129656,0.083,0.000,0.000,0,0
12949,129666,0.071,0.000,0.000,0,0
12950,129676,0.073,0.000,0.000,0,0
12951,129686,0.067,0.000,0.000,0,0
12952,129696,0.068,0.000,0.000,0,0
12953,129706,0.066,0.000,0.000,0,0
12954,129716,0.064,0.000,0.000,0,0
12955,129726,0.065,0.000,0.000,0,0
12956,129736,0.071,0.000,0.000,0,0
12957,129746,0.070,0.000,0.000,0,0
12958,129756,0.077,0.000,0.000,0,0
12959,129766,0.075,0.000,0.000,0,0
12960,129776,0.073,0.000,0.000,0,0
12961,129786,0.065,0.000,0.000,0,0
12962,129796,0.065,0.000,0.000,0,0
12963,129806,0.059,0.000,0.000,0,0
12964,129816,0.060,0.000,0.000,0,0
12965,129826,0.062,0.000,0.000,0,0
12966,129836,0.058,0.000,0.000,0,0
12967,129846,0.058,0.000,0.000,0,0
12968,129856,0.055,0.000,0.000,0,0
12969,129866,0.052,0.000,0.000,0,0
12970,129876,0.048,0.000,0.000,0,0
12971,129886,0.049,0.000,0.000,0,0
12972,129896,0.051,0.000,0.000,0,0
12973,129906,0.046,0.000,0.000,0,0
12974,129916,0.047,0.000,0.000,0,0
12975,129926,0.047,0.000,0.000,0,0
12976,129936,0.052,0.000,0.000,0,0
12977,129946,0.053,0.000,0.000,0,0
12978,129956,0.055,0.000,0.000,0,0
12979,129966,0.061,0.000,0.000,0,0
12980,129976,0.064,0.000,0.000,0,0
12981,129986,0.056,0.000,0.000,0,0
12982,129996,0.054,0.000,0.000,0,0
12983,130006,0.050,0.000,0.000,0,0
12984,130016,0.055,0.000,0.000,0,0
12985,130026,0.055,0.000,0.000,0,0
12986,130036,0.057,0.000,0.000,0,0
12987,130046,0.056,0.000,0.000,0,0
12988,130056,0.049,0.000,0.000,0,0
12989,130066,0.052,0.000,0.000,0,0
12990,130076,0.060,0.000,0.000,0,0
12991,130086,0.068,0.000,0.000,0,0
12992,130096,0.075,0.000,0.000,0,0
12993,130106,0.080,0.000,0.000,0,0
12994,130116,0.082,0.000,0.000,0,0
12995,130126,0.087,0.000,0.000,0,0
12996,130136,0.088,0.000,0.000,0,0
12997,130146,0.093,0.000,0.000,0,0
12998,130156,0.091,0.000,0.000,0,0
12999,130166,0.084,0.000,0.000,0,0
13000,130176,0.086,0.000,0.000,255,255
13001,130186,0.022,-600.180,600.180,255,255
13002,130196,-0.074,-1698.811,1698.811,255,255
13003,130206,0.036,-2602.342,2602.342,255,255
13004,130216,-0.078,-3197.123,3197.123,255,255
13005,130226,-0.554,-3604.325,3604.325,255,255
13006,130236,-0.536,-3995.206,3995.206,255,255
13007,130246,-0.554,-4202.942,4202.942,255,255
13008,130256,-0.575,-4394.288,4494.158,255,255
13009,130266,-0.806,-4607.372,4507.212,255,255
13010,130276,-0.417,-4696.712,4796.643,255,255
13011,130286,-0.882,-4702.822,4802.882,255,255
13012,130296,-0.508,-4894.127,4894.127,255,255
13013,130306,-1.007,-4903.433,5003.502,255,255
13014,130316,-0.677,-4897.551,4997.501,255,255
13015,130326,-0.729,-5005.506,5105.616,255,255
13016,130336,-0.753,-5094.905,5094.905,255,255
13017,130346,-0.750,-5006.007,5106.127,255,255
13018,130356,-0.932,-5096.433,5196.363,255,255
13019,130366,-0.545,-5101.530,5101.530,255,255
13020,130376,-0.576,-5099.490,5199.480,255,255
13021,130386,-0.213,-5103.062,5203.122,255,255
13022,130396,-0.290,-5096.433,5296.293,255,255
13023,130406,-0.605,-5202.081,5202.081,255,255
13024,130416,-0.819,-5096.942,5196.882,255,255
13025,130426,-0.714,-5200.000,5200.000,255,255
13026,130436,-0.725,-5098.471,5298.411,255,255
13027,130446,-1.034,-5104.594,5204.684,255,255
13028,130456,-1.015,-5197.921,5297.881,255,255
13029,130466,-1.171,-5100.510,5200.521,255,255
13030,130476,-1.034,-5197.921,5297.881,255,255
13031,130486,-0.680,-5100.510,5300.530,255,255
13032,130496,-0.985,-5199.480,5199.480,255,255
13033,130506,-0.731,-5197.921,5297.881,255,255
13034,130516,-0.769,-5100.510,5300.530,255,255
13035,130526,-0.797,-5204.164,5204.164,255,255
13036,130536,-0.411,-5096.942,5296.822,255,255
13037,130546,-0.641,-5201.561,5301.590,255,255
13038,130556,-0.534,-5095.923,5195.843,255,255
13039,130566,-0.286,-5206.248,5306.368,255,255
13040,130576,-0.549,-5192.730,5292.590,255,255
13041,130586,-0.551,-5106.639,5306.899,255,255
13042,130596,-0.595,-5194.805,5294.705,255,255
13043,130606,-0.751,-5104.083,5204.164,255,255
13044,130616,-0.379,-5197.921,5297.881,255,255
13045,130626,-0.471,-5203.643,5303.712,255,255
13046,130636,-0.646,-5096.942,5296.822,255,255
13047,130646,-0.477,-5204.164,5304.244,255,255
13048,130656,-0.595,-5096.433,5296.293,255,255
13049,130666,-0.522,-5203.643,5303.712,255,255
13050,130676,-0.620,-5197.401,5297.351,255,255
13051,130686,-0.603,-5103.062,5303.182,255,255
13052,130696,-0.771,-5194.287,5294.177,255,255
13053,130706,-0.609,-5102.551,5302.651,255,255
13054,130716,-0.484,-5198.441,5298.411,255,255
13055,130726,-0.822,-5199.480,5299.470,255,255
13056,130736,-0.597,-5099.490,5299.470,255,255
13057,130746,-0.711,-5202.601,5402.701,255,255
13058,130756,-0.972,-5197.921,5297.881,255,255
13059,130766,-0.628,-5103.573,5303.712,255,255
13060,130776,-0.972,-5195.324,5295.234,255,255
13061,130786,-1.091,-5203.643,5303.712,255,255
13062,130796,-0.745,-5098.471,5298.411,255,255
13063,130806,-1.100,-5200.521,5300.530,255,255
13064,130816,-1.071,-5197.401,5397.301,255,255
13065,130826,-1.161,-5102.551,5302.651,255,255
13066,130836,-1.294,-5197.921,5297.881,255,255
13067,130846,-1.066,-5103.062,5303.182,255,255
13068,130856,-1.073,-5197.401,5297.351,255,255
13069,130866,-1.364,-5205.205,5305.305,255,255
13070,130876,-1.303,-5195.324,5395.145,255,255
13071,130886,-1.303,-5102.041,5302.121,255,255
13072,130896,-1.285,-5198.960,5298.940,255,255
13073,130906,-1.234,-5103.062,5303.182,255,255
13074,130916,-0.998,-5195.843,5395.684,255,255
13075,130926,-1.024,-5201.040,5301.060,255,255
13076,130936,-1.128,-5101.530,5301.590,255,255
13077,130946,-0.786,-5200.000,5300.000,255,255
13078,130956,-1.097,-5194.805,5294.705,255,255
13079,130966,-1.043,-5104.083,5404.324,255,255
13080,130976,-0.636,-5195.843,5295.764,255,255
13081,130986,-0.856,-5105.105,5305.305,255,255
13082,130996,-0.655,-5198.441,5298.411,255,255
13083,131006,-0.256,-5202.081,5402.161,255,255
13084,131016,-0.522,-5095.923,5295.764,255,255
13085,131026,-0.576,-5203.643,5303.712,255,255
13086,131036,-0.480,-5194.805,5294.705,255,255
13087,131046,-0.574,-5104.594,5404.864,255,255
13088,131056,-0.451,-5195.843,5295.764,255,255
13089,131066,-0.588,-5107.662,5307.962,255,255
13090,131076,-0.778,-5194.805,5294.705,255,255
13091,131086,-0.860,-5202.081,5402.161,255,255
13092,131096,-0.773,-5095.414,5295.234,255,255
13093,131106,-0.787,-5206.769,5306.899,255,255
13094,131116,-1.027,-5189.103,5388.684,255,255
13095,131126,-0.745,-5107.662,5307.962,255,255
13096,131136,-0.808,-5200.000,5300.000,255,255
13097,131146,-0.987,-5202.601,5302.651,255,255
13098,131156,-0.623,-5095.414,5395.145,255,255
13099,131166,-0.912,-5202.081,5302.121,255,255
13100,131176,-1.004,-5193.768,5293.647,255,255
13101,131186,-0.697,-5106.127,5306.368,255,255
13102,131196,-0.979,-5196.882,5396.762,255,255
13103,131206,-0.695,-5201.561,5301.590,255,255
13104,131216,-0.579,-5101.530,5301.590,255,255
13105,131226,-0.776,-5200.000,5400.000,255,255
13106,131236,-0.488,-5197.401,5297.351,255,255
13107,131246,-0.462,-5202.601,5302.651,255,255
13108,131256,-0.573,-5098.471,5298.411,255,255
13109,131266,-0.454,-5198.960,5398.920,255,255
13110,131276,-0.418,-5200.000,5300.000,255,255
13111,131286,-0.532,-5103.573,5303.712,255,255
13112,131296,-0.618,-5197.401,5397.301,255,255
13113,131306,-0.489,-5198.960,5298.940,255,255
13114,131316,-0.561,-5102.041,5302.121,255,255
13115,131326,-0.657,-5203.122,5303.182,255,255
13116,131336,-0.551,-5197.401,5397.301,255,255
13117,131346,-0.840,-5202.081,5302.121,255,255
13118,131356,-0.919,-5095.923,5295.764,255,255
13119,131366,-0.662,-5203.643,5303.712,255,255
13120,131376,-1.158,-5195.843,5395.684,255,255
13121,131386,-1.192,-5102.041,5302.121,255,255
13122,131396,-1.152,-5199.480,5299.470,255,255
13123,131406,-1.555,-5196.882,5396.762,255,255
13124,131416,-1.159,-5202.601,5302.651,255,255
13125,131426,-1.314,-5104.083,5304.244,255,255
13126,131436,-1.637,-5194.805,5294.705,255,255
13127,131446,-1.383,-5197.921,5397.841,255,255
13128,131456,-1.476,-5102.551,5302.651,255,255
13129,131466,-1.678,-5205.727,5305.836,255,255
13130,131476,-1.631,-5194.805,5394.605,255,255
13131,131486,-1.460,-5203.643,5303.712,255,255
13132,131496,-1.249,-5096.942,5296.822,255,255
13133,131506,-1.280,-5204.164,5304.244,255,255
13134,131516,-1.273,-5194.287,5394.067,255,255
13135,131526,-1.396,-5104.594,5304.774,255,255
13136,131536,-0.978,-5197.401,5297.351,255,255
13137,131546,-0.693,-5194.287,5394.067,255,255
13138,131556,-0.825,-5105.105,5305.305,255,255
13139,131566,-0.554,-5202.601,5302.651,255,255
13140,131576,-0.354,-5197.401,5297.351,255,255
13141,131586,-0.395,-5202.081,5402.161,255,255
13142,131596,0.000,-5097.451,5297.351,255,255
13143,131606,-0.203,-5202.081,5302.121,255,255
13144,131616,-0.377,-5196.363,5396.223,255,255
13145,131626,0.152,-5104.083,5304.244,255,255
13146,131636,-0.182,-5197.401,5297.351,255,255
13147,131646,-0.268,-5201.040,5301.060,255,255
13148,131656,-0.440,-5096.942,5396.762,255,255
13149,131666,-0.550,-5204.684,5304.774,255,255
13150,131676,-0.307,-5195.324,5295.234,255,255
13151,131686,-0.383,-5202.601,5402.701,255,255
13152,131696,-0.267,-5098.471,5298.411,255,255
13153,131706,-0.241,-5202.601,5302.651,255,255
13154,131716,-0.214,-5198.960,5398.920,255,255
13155,131726,-0.142,-5100.000,5300.000,255,255
13156,131736,-0.226,-5200.000,5300.000,255,255
13157,131746,-0.200,-5200.000,5400.000,255,255
13158,131756,0.004,-5101.020,5301.060,255,255
13159,131766,-0.325,-5199.480,5299.470,255,255
13160,131776,-0.166,-5192.730,5292.590,255,255
13161,131786,0.022,-5109.196,5409.737,255,255
13162,131796,-0.308,-5195.843,5295.764,255,255
13163,131806,-0.113,-5204.684,5304.774,255,255
13164,131816,-0.143,-5193.249,5392.989,255,255
13165,131826,-0.399,-5105.616,5305.836,255,255
13166,131836,0.035,-5197.921,5297.881,255,255
13167,131846,0.081,-5201.040,5401.080,255,255
13168,131856,-0.289,-5099.490,5299.470,255,255
13169,131866,-0.333,-5201.561,5301.590,255,255
13170,131876,-0.267,-5193.249,5392.989,255,255
13171,131886,-0.351,-5104.594,5304.774,255,255
13172,131896,-0.457,-5198.960,5298.940,255,255
13173,131906,-0.295,-5205.205,5405.405,255,255
13174,131916,-0.177,-5093.378,5293.119,255,255
13175,131926,-0.070,-5204.684,5304.774,255,255
13176,131936,0.187,-5197.401,5397.301,255,255
13177,131946,-0.147,-5205.205,5305.305,255,255
13178,131956,0.052,-5092.870,5292.590,255,255
13179,131966,0.465,-5200.000,5400.000,255,255
13180,131976,0.207,-5201.040,5301.060,255,255
13181,131986,0.513,-5102.551,5302.651,255,255
13182,131996,0.603,-5197.921,5397.841,255,255
13183,132006,0.473,-5202.081,5302.121,255,255
13184,132016,0.891,-5194.805,5294.705,255,255
13185,132026,0.691,-5200.521,5400.541,255,255
13186,132036,0.498,-5103.062,5303.182,255,255
13187,132046,0.796,-5203.122,5303.182,255,255
13188,132056,0.740,-5200.000,5400.000,255,255
13189,132066,0.814,-5101.020,5301.060,255,255
13190,132076,0.593,-5195.324,5295.234,255,255
13191,132086,0.647,-5202.601,5402.701,255,255
13192,132096,0.631,-5197.921,5297.881,255,255
13193,132106,0.578,-5203.122,5303.182,255,255
13194,132116,0.630,-5092.362,5391.912,255,255
13195,132126,0.298,-5208.333,5308.494,255,255
13196,132136,0.290,-5194.805,5294.705,255,255
13197,132146,0.426,-5203.643,5403.783,255,255
13198,132156,-0.016,-5198.441,5298.411,255,255
13199,132166,0.046,-5201.040,5301.060,255,255
13200,132176,0.069,-5198.960,5298.940,255,255
13201,132186,-0.232,-5196.882,5396.762,255,255
13202,132196,0.054,-5102.551,5302.651,255,255
13203,132206,-0.217,-5201.561,5301.590,255,255
13204,132216,-0.470,-5197.401,5397.301,255,255
13205,132226,0.048,-5202.601,5302.651,255,255
13206,132236,-0.192,-5198.441,5298.411,255,255
13207,132246,-0.255,-5201.561,5401.621,255,255
13208,132256,-0.000,-5195.843,5295.764,255,255
13209,132266,-0.078,-5206.248,5306.368,255,255
13210,132276,0.064,-5194.805,5394.605,255,255
13211,132286,0.181,-5104.083,5304.244,255,255
13212,132296,0.207,-5195.324,5395.145,255,255
13213,132306,0.330,-5204.684,5304.774,255,255
13214,132316,0.310,-5195.324,5295.234,255,255
13215,132326,0.328,-5204.164,5304.244,255,255
13216,132336,0.177,-5196.882,5396.762,255,255
13217,132346,0.202,-5205.205,5305.305,255,255
13218,132356,0.420,-5194.287,5294.177,255,255
13219,132366,0.100,-5201.561,5401.621,255,255
13220,132376,0.360,-5096.942,5296.822,255,255
13221,132386,0.455,-5206.769,5306.899,255,255
13222,132396,0.212,-5196.363,5396.223,255,255
13223,132406,0.612,-5201.561,5301.590,255,255
13224,132416,0.310,-5197.921,5297.881,255,255
13225,132426,0.148,-5202.081,5402.161,255,255
13226,132436,0.556,-5198.441,5298.411,255,255
13227,132446,0.266,-5101.530,5301.590,255,255
13228,132456,0.141,-5193.249,5392.989,255,255
13229,132466,0.531,-5208.333,5308.494,255,255
13230,132476,0.465,-5196.882,5396.762,255,255
13231,132486,0.439,-5203.122,5303.182,255,255
13232,132496,0.476,-5098.471,5298.411,255,255
13233,132506,0.708,-5200.521,5400.541,255,255
13234,132516,0.800,-5198.960,5298.940,255,255
13235,132526,0.646,-5202.601,5302.651,255,255
13236,132536,0.935,-5196.882,5396.762,255,255
13237,132546,1.053,-5203.643,5303.712,255,255
13238,132556,1.120,-5097.451,5297.351,255,255
13239,132566,1.267,-5195.843,5395.684,255,255
13240,132576,0.997,-5200.521,5300.530,255,255
13241,132586,1.108,-5205.205,5305.305,255,255
13242,132596,1.371,-5197.921,5397.841,255,255
13243,132606,1.120,-5196.363,5296.293,255,255
13244,132616,1.116,-5202.081,5302.121,255,255
13245,132626,1.202,-5102.041,5402.161,255,255
13246,132636,0.851,-5198.441,5298.411,255,255
13247,132646,1.114,-5202.081,5402.161,255,255
13248,132656,1.039,-5198.960,5298.940,255,255
13249,132666,0.876,-5203.122,5303.182,255,255
13250,132676,1.260,-5192.730,5392.450,255,255
13251,132686,1.239,-5103.573,5303.712,255,255
13252,132696,1.128,-5195.843,5395.684,255,255
13253,132706,1.065,-5206.769,5306.899,255,255
13254,132716,0.933,-5197.921,5297.881,255,255
13255,132726,0.891,-5101.530,5401.621,255,255
13256,132736,0.811,-5198.441,5298.411,255,255
13257,132746,0.899,-5204.164,5304.244,255,255
13258,132756,0.903,-5195.843,5395.684,255,255
13259,132766,0.813,-5204.164,5304.244,255,255
13260,132776,1.005,-5094.396,5394.067,255,255
13261,132786,0.635,-5203.643,5303.712,255,255
13262,132796,0.734,-5197.921,5297.881,255,255
13263,132806,1.109,-5193.768,5393.528,255,255
13264,132816,0.693,-5202.081,5302.121,255,255
13265,132826,0.879,-5102.041,5302.121,255,255
13266,132836,0.805,-5201.561,5401.621,255,255
13267,132846,0.576,-5201.561,5301.590,255,255
13268,132856,0.949,-5196.363,5396.223,255,255
13269,132866,0.926,-5205.205,5305.305,255,255
13270,132876,0.807,-5196.363,5296.293,255,255
13271,132886,1.149,-5104.083,5404.324,255,255
13272,132896,1.143,-5196.363,5296.293,255,255
13273,132906,0.994,-5203.122,5403.242,255,255
13274,132916,0.837,-5196.363,5296.293,255,255
13275,132926,0.925,-5203.122,5303.182,255,255
13276,132936,1.010,-5096.942,5396.762,255,255
13277,132946,0.935,-5202.081,5302.121,255,255
13278,132956,0.998,-5196.882,5396.762,255,255
13279,132966,0.632,-5203.122,5303.182,255,255
13280,132976,0.612,-5195.324,5295.234,255,255
13281,132986,0.770,-5104.594,5404.864,255,255
13282,132996,0.380,-5196.363,5296.293,255,255
13283,133006,0.491,-5203.643,5403.783,255,255
13284,133016,0.787,-5198.960,5298.940,255,255
13285,133026,0.529,-5098.980,5298.940,255,255
13286,133036,0.636,-5194.805,5394.605,255,255
13287,133046,0.475,-5208.333,5308.494,255,255
13288,133056,0.260,-5188.585,5388.146,255,255
13289,133066,0.666,-5208.333,5308.494,255,255
13290,133076,0.495,-5097.451,5297.351,255,255
13291,133086,0.408,-5203.643,5403.783,255,255
13292,133096,0.660,-5198.441,5298.411,255,255
13293,133106,0.607,-5203.122,5403.242,255,255
13294,133116,0.556,-5095.923,5295.764,255,255
13295,133126,0.517,-5203.122,5303.182,255,255
13296,133136,0.552,-5200.000,5400.000,255,255
13297,133146,0.457,-5202.081,5302.121,255,255
13298,133156,0.332,-5195.843,5395.684,255,255
13299,133166,0.347,-5202.081,5302.121,255,255
13300,133176,0.027,-5197.401,5297.351,255,255
13301,133186,0.068,-5204.684,5404.864,255,255
13302,133196,0.410,-5096.942,5296.822,255,255
13303,133206,0.197,-5198.960,5398.920,255,255
13304,133216,0.081,-5201.561,5301.590,255,255
13305,133226,0.384,-5201.040,5301.060,255,255
13306,133236,0.179,-5193.768,5393.528,255,255
13307,133246,0.264,-5206.769,5306.899,255,255
13308,133256,0.528,-5195.324,5395.145,255,255
13309,133266,0.334,-5203.122,5303.182,255,255
13310,133276,0.394,-5199.480,5299.470,255,255
13311,133286,0.525,-5202.601,5402.701,255,255
13312,133296,0.260,-5198.441,5298.411,255,255
13313,133306,0.524,-5201.561,5301.590,255,255
13314,133316,0.573,-5195.324,5395.145,255,255
13315,133326,0.454,-5202.081,5302.121,255,255
13316,133336,0.736,-5294.705,5394.605,255,255
13317,133346,0.632,-5108.173,5308.494,255,255
13318,133356,0.479,-5291.534,5391.374,255,255
13319,133366,0.398,-5206.769,5306.899,255,255
13320,133376,0.430,-5197.921,5297.881,255,255
13321,133386,0.559,-5198.441,5398.381,255,255
13322,133396,0.506,-5197.921,5297.881,255,255
13323,133406,0.647,-5204.684,5404.864,255,255
13324,133416,0.699,-5198.960,5298.940,255,255
13325,133426,0.403,-5202.601,5302.651,255,255
13326,133436,0.591,-5198.441,5398.381,255,255
13327,133446,0.372,-5202.601,5302.651,255,255
13328,133456,0.161,-5195.324,5295.234,255,255
13329,133466,0.544,-5203.643,5403.783,255,255
13330,133476,0.352,-5195.843,5295.764,255,255
13331,133486,0.292,-5203.122,5403.242,255,255
13332,133496,0.569,-5198.960,5298.940,255,255
13333,133506,0.154,-5200.000,5400.000,255,255
13334,133516,0.148,-5201.040,5301.060,255,255
13335,133526,0.155,-5202.081,5302.121,255,255
13336,133536,-0.038,-5192.212,5391.912,255,255
13337,133546,0.116,-5206.248,5306.368,255,255
13338,133556,-0.003,-5197.401,5397.301,255,255
13339,133566,-0.007,-5204.164,5304.244,255,255
13340,133576,0.076,-5195.843,5395.684,255,255
13341,133586,0.175,-5202.601,5302.651,255,255
13342,133596,0.255,-5197.921,5297.881,255,255
13343,133606,-0.013,-5201.561,5401.621,255,255
13344,133616,0.204,-5199.480,5299.470,255,255
13345,133626,0.426,-5203.122,5403.242,255,255
13346,133636,0.167,-5197.401,5297.351,255,255
13347,133646,0.447,-5202.081,5302.121,255,255
13348,133656,0.578,-5198.441,5398.381,255,255
13349,133666,0.318,-5202.081,5302.121,255,255
13350,133676,0.504,-5191.693,5391.374,255,255
13351,133686,0.312,-5302.121,5302.121,255,255
13352,133696,0.226,-5198.441,5398.381,255,255
13353,133706,0.596,-5206.248,5306.368,255,255
13354,133716,0.265,-5197.401,5297.351,255,255
13355,133726,0.337,-5201.561,5401.621,255,255
13356,133736,0.592,-5197.401,5297.351,255,255
13357,133746,0.082,-5204.164,5304.244,255,255
13358,133756,0.230,-5195.843,5395.684,255,255
13359,133766,0.362,-5203.643,5303.712,255,255
13360,133776,0.108,-5197.401,5397.301,255,255
13361,133786,0.381,-5204.164,5304.244,255,255
13362,133796,0.322,-5196.363,5396.223,255,255
13363,133806,0.174,-5203.643,5303.712,255,255
13364,133816,0.081,-5194.805,5394.605,255,255
13365,133826,-0.118,-5205.727,5305.836,255,255
13366,133836,-0.232,-5195.843,5295.764,255,255
13367,133846,-0.514,-5203.122,5403.242,255,255
13368,133856,-0.297,-5192.730,5292.590,255,255
13369,133866,-0.164,-5105.616,5405.947,255,255
13370,133876,-0.180,-5198.441,5298.411,255,255
13371,133886,-0.053,-5198.960,5298.940,255,255
13372,133896,-0.147,-5199.480,5399.460,255,255
13373,133906,-0.416,-5203.643,5303.712,255,255
13374,133916,0.020,-5197.401,5397.301,255,255
13375,133926,-0.223,-5205.727,5305.836,255,255
13376,133936,-0.543,-5192.730,5292.590,255,255
13377,133946,-0.242,-5202.601,5402.701,255,255
13378,133956,-0.412,-5201.040,5301.060,255,255
13379,133966,-0.543,-5199.480,5399.460,255,255
13380,133976,-0.286,-5196.363,5296.293,255,255
13381,133986,-0.434,-5104.594,5304.774,255,255
13382,133996,-0.574,-5194.287,5394.067,255,255
13383,134006,-0.582,-5204.164,5304.244,255,255
13384,134016,-0.687,-5194.287,5394.067,255,255
13385,134026,-0.630,-5205.205,5305.305,255,255
13386,134036,-0.632,-5198.960,5298.940,255,255
13387,134046,-0.551,-5198.441,5398.381,255,255
13388,134056,-0.445,-5204.684,5304.774,255,255
13389,134066,-0.569,-5198.960,5398.920,255,255
13390,134076,-0.528,-5200.521,5300.530,255,255
13391,134086,-0.799,-5199.480,5299.470,255,255
13392,134096,-0.751,-5191.693,5391.374,255,255
13393,134106,-0.386,-5209.377,5309.557,255,255
13394,134116,-0.723,-5195.843,5395.684,255,255
13395,134126,-0.536,-5203.122,5303.182,255,255
13396,134136,-0.385,-5192.212,5391.912,255,255
13397,134146,-0.583,-5208.855,5309.025,255,255
13398,134156,-0.305,-5198.960,5298.940,255,255
13399,134166,-0.430,-5199.480,5399.460,255,255
13400,134176,-0.615,-5095.923,5295.764,255,255
13401,134186,-0.154,-5202.601,5402.701,255,255
13402,134196,-0.266,-5201.561,5301.590,255,255
13403,134206,-0.537,-5201.040,5401.080,255,255
13404,134216,-0.538,-5198.441,5298.411,255,255
13405,134226,-0.600,-5197.921,5297.881,255,255
13406,134236,-0.580,-5200.000,5400.000,255,255
13407,134246,-0.836,-5105.616,5305.836,255,255
13408,134256,-0.817,-5191.693,5391.374,255,255
13409,134266,-0.726,-5205.727,5305.836,255,255
13410,134276,-0.994,-5197.921,5397.841,255,255
13411,134286,-0.921,-5203.122,5303.182,255,255
13412,134296,-1.254,-5197.401,5297.351,255,255
13413,134306,-1.092,-5203.122,5403.242,255,255
13414,134316,-0.782,-5196.363,5296.293,255,255
13415,134326,-1.061,-5101.530,5401.621,255,255
13416,134336,-0.958,-5199.480,5299.470,255,255
13417,134346,-0.815,-5203.643,5303.712,255,255
13418,134356,-1.112,-5196.882,5396.762,255,255
13419,134366,-0.983,-5199.480,5299.470,255,255
13420,134376,-1.178,-5199.480,5399.460,255,255
13421,134386,-1.260,-5203.122,5303.182,255,255
13422,134396,-1.118,-5195.843,5395.684,255,255
13423,134406,-1.200,-5203.122,5303.182,255,255
13424,134416,-1.418,-5198.441,5398.381,255,255
13425,134426,-1.354,-5102.551,5302.651,255,255
13426,134436,-1.294,-5197.921,5297.881,255,255
13427,134446,-1.272,-5200.521,5400.541,255,255
13428,134456,-1.248,-5197.921,5297.881,255,255
13429,134466,-1.041,-5198.960,5398.920,255,255
13430,134476,-0.858,-5202.081,5302.121,255,255
13431,134486,-0.852,-5200.000,5400.000,255,255
13432,134496,-0.685,-5100.510,5300.530,255,255
13433,134506,-0.727,-5203.122,5303.182,255,255
13434,134516,-0.508,-5196.363,5396.223,255,255
13435,134526,-0.143,-5203.122,5303.182,255,255
13436,134536,-0.466,-5194.287,5394.067,255,255
13437,134546,-0.278,-5205.727,5305.836,255,255
13438,134556,-0.026,-5196.882,5396.762,255,255
13439,134566,-0.305,-5101.020,5301.060,255,255
13440,134576,-0.073,-5197.921,5397.841,255,255
13441,134586,-0.230,-5201.561,5301.590,255,255
13442,134596,-0.397,-5198.960,5398.920,255,255
13443,134606,-0.129,-5202.601,5302.651,255,255
13444,134616,-0.280,-5197.921,5397.841,255,255
13445,134626,-0.411,-5101.530,5301.590,255,255
13446,134636,-0.181,-5197.401,5397.301,255,255
13447,134646,-0.135,-5203.643,5303.712,255,255
13448,134656,-0.361,-5195.324,5395.145,255,255
13449,134666,-0.398,-5203.643,5303.712,255,255
13450,134676,-0.356,-5197.401,5297.351,255,255
13451,134686,-0.307,-5103.573,5403.783,255,255
13452,134696,-0.577,-5197.401,5297.351,255,255
13453,134706,-0.341,-5200.521,5400.541,255,255
13454,134716,-0.170,-5199.480,5299.470,255,255
13455,134726,-0.336,-5200.521,5400.541,255,255
13456,134736,-0.050,-5197.401,5297.351,255,255
13457,134746,-0.300,-5202.601,5402.701,255,255
13458,134756,-0.247,-5198.441,5298.411,255,255
13459,134766,0.226,-5201.561,5301.590,255,255
13460,134776,-0.023,-5199.480,5399.460,255,255
13461,134786,0.098,-5200.000,5300.000,255,255
13462,134796,0.496,-5198.441,5398.381,255,255
13463,134806,0.462,-5101.530,5301.590,255,255
13464,134816,0.497,-5194.805,5394.605,255,255
13465,134826,0.418,-5210.421,5310.622,255,255
13466,134836,0.215,-5189.621,5389.222,255,255
13467,134846,0.479,-5207.290,5307.430,255,255
13468,134856,0.386,-5198.441,5398.381,255,255
13469,134866,0.427,-5197.921,5297.881,255,255
13470,134876,0.423,-5200.521,5400.541,255,255
13471,134886,0.535,-5203.122,5303.182,255,255
13472,134896,0.665,-5197.401,5297.351,255,255
13473,134906,0.417,-5197.401,5397.301,255,255
13474,134916,0.665,-5203.122,5303.182,255,255
13475,134926,0.952,-5202.601,5402.701,255,255
13476,134936,0.627,-5193.768,5293.647,255,255
13477,134946,0.797,-5203.122,5403.242,255,255
13478,134956,0.824,-5200.000,5300.000,255,255
13479,134966,0.448,-5201.040,5301.060,255,255
13480,134976,0.859,-5292.062,5391.912,255,255
13481,134986,0.745,-5208.855,5309.025,255,255
13482,134996,0.586,-5192.730,5392.450,255,255
13483,135006,0.963,-5209.377,5309.557,255,255
13484,135016,0.690,-5194.805,5394.605,255,255
13485,135026,0.693,-5204.684,5304.774,255,255
13486,135036,0.815,-5196.882,5396.762,255,255
13487,135046,0.566,-5203.122,5303.182,255,255
13488,135056,0.528,-5191.693,5391.374,255,255
13489,135066,0.523,-5208.333,5308.494,255,255
13490,135076,0.615,-5191.175,5390.835,255,255
13491,135086,0.894,-5206.769,5306.899,255,255
13492,135096,0.868,-5192.212,5391.912,255,255
13493,135106,1.033,-5207.812,5307.962,255,255
13494,135116,1.186,-5197.921,5397.841,255,255
13495,135126,1.254,-5202.601,5302.651,255,255
13496,135136,1.537,-5197.921,5297.881,255,255
13497,135146,1.220,-5203.122,5403.242,255,255
13498,135156,1.475,-5196.882,5296.822,255,255
13499,135166,1.800,-5200.521,5400.541,255,255
13500,135176,1.624,-5200.521,5300.530,255,255
13501,135186,1.842,-5102.551,5402.701,255,255
13502,135196,1.944,-5295.234,5295.234,255,255
13503,135206,1.727,-5102.041,5402.161,255,255
13504,135216,2.102,-5198.960,5298.940,255,255
13505,135226,1.977,-5203.643,5403.783,255,255
13506,135236,1.939,-5195.324,5295.234,255,255
13507,135246,2.288,-5202.601,5402.701,255,255
13508,135256,2.145,-5199.480,5299.470,255,255
13509,135266,2.158,-5199.480,5399.460,255,255
13510,135276,2.158,-5199.480,5299.470,255,255
13511,135286,2.262,-5202.601,5302.651,255,255
13512,135296,2.496,-5197.921,5397.841,255,255
13513,135306,2.363,-5201.040,5301.060,255,255
13514,135316,2.335,-5197.401,5397.301,255,255
13515,135326,2.439,-5205.205,5305.305,255,255
13516,135336,2.395,-5194.805,5394.605,255,255
13517,135346,2.424,-5203.122,5303.182,255,255
13518,135356,2.213,-5196.882,5396.762,255,255
13519,135366,2.388,-5203.122,5303.182,255,255
13520,135376,2.450,-5197.401,5397.301,255,255
13521,135386,1.949,-5201.561,5301.590,255,255
13522,135396,1.752,-5200.000,5400.000,255,255
13523,135406,2.005,-5202.601,5302.651,255,255
13524,135416,1.614,-5296.293,5396.223,255,255
13525,135426,1.591,-5203.122,5303.182,255,255
13526,135436,1.864,-5191.693,5391.374,255,255
13527,135446,1.529,-5207.812,5307.962,255,255
13528,135456,1.494,-5195.324,5395.145,255,255
13529,135466,1.320,-5203.122,5303.182,255,255
13530,135476,1.174,-5193.768,5393.528,255,255
13531,135486,1.157,-5208.855,5309.025,255,255
13532,135496,1.049,-5194.805,5394.605,255,255
13533,135506,1.023,-5203.643,5303.712,255,255
13534,135516,0.981,-5200.000,5400.000,255,255
13535,135526,0.931,-5202.081,5302.121,255,255
13536,135536,0.950,-5196.363,5396.223,255,255
13537,135546,0.732,-5202.601,5302.651,255,255
13538,135556,0.874,-5196.363,5396.223,255,255
13539,135566,0.942,-5203.122,5303.182,255,255
13540,135576,0.755,-5197.921,5397.841,255,255
13541,135586,0.979,-5204.684,5304.774,255,255
13542,135596,1.045,-5191.693,5391.374,255,255
13543,135606,1.027,-5206.248,5306.368,255,255
13544,135616,1.318,-5195.324,5395.145,255,255
13545,135626,1.137,-5204.164,5304.244,255,255
13546,135636,1.211,-5196.882,5396.762,255,255
13547,135646,1.603,-5205.205,5305.305,255,255
13548,135656,1.371,-5191.693,5391.374,255,255
13549,135666,1.127,-5207.290,5307.430,255,255
13550,135676,1.449,-5291.005,5390.835,255,255
13551,135686,1.210,-5207.812,5307.962,255,255
13552,135696,1.135,-5194.287,5394.067,255,255
13553,135706,1.230,-5204.684,5304.774,255,255
13554,135716,1.189,-5194.287,5394.067,255,255
13555,135726,1.226,-5208.333,5308.494,255,255
13556,135736,1.198,-5194.805,5394.605,255,255
13557,135746,1.264,-5202.081,5302.121,255,255
13558,135756,1.217,-5197.921,5397.841,255,255
13559,135766,1.238,-5201.561,5301.590,255,255
13560,135776,1.308,-5296.293,5396.223,255,255
13561,135786,1.128,-5206.769,5306.899,255,255
13562,135796,1.291,-5193.249,5392.989,255,255
13563,135806,1.558,-5204.684,5304.774,255,255
13564,135816,1.338,-5190.657,5390.297,255,255
13565,135826,1.664,-5211.465,5311.686,255,255
13566,135836,1.793,-5198.441,5398.381,255,255
13567,135846,1.548,-5199.480,5299.470,255,255
13568,135856,1.858,-5194.805,5394.605,255,255
13569,135866,1.638,-5207.290,5307.430,255,255
13570,135876,1.540,-5196.882,5296.822,255,255
13571,135886,1.867,-5201.561,5401.621,255,255
13572,135896,1.621,-5198.441,5298.411,255,255
13573,135906,1.556,-5203.643,5403.783,255,255
13574,135916,1.909,-5196.363,5296.293,255,255
13575,135926,1.810,-5202.081,5402.161,255,255
13576,135936,1.725,-5194.805,5294.705,255,255
13577,135946,1.598,-5205.727,5405.947,255,255
13578,135956,1.622,-5195.843,5295.764,255,255
13579,135966,1.519,-5203.643,5403.783,255,255
13580,135976,1.544,-5196.882,5296.822,255,255
13581,135986,1.568,-5202.081,5402.161,255,255
13582,135996,1.332,-5296.293,5296.293,255,255
13583,136006,1.268,-5205.727,5405.947,255,255
13584,136016,1.179,-5197.401,5297.351,255,255
13585,136026,0.803,-5201.040,5401.080,255,255
13586,136036,0.875,-5196.882,5296.822,255,255
13587,136046,1.043,-5204.684,5404.864,255,255
13588,136056,0.660,-5197.401,5297.351,255,255
13589,136066,0.909,-5204.164,5304.244,255,255
13590,136076,1.108,-5194.805,5394.605,255,255
13591,136086,0.646,-5298.940,5398.920,255,255
13592,136096,1.046,-5201.561,5301.590,255,255
13593,136106,0.985,-5201.561,5301.590,255,255
13594,136116,0.744,-5197.401,5397.301,255,255
13595,136126,1.040,-5204.164,5304.244,255,255
13596,136136,1.043,-5198.441,5398.381,255,255
13597,136146,0.646,-5201.561,5301.590,255,255
13598,136156,0.810,-5195.324,5395.145,255,255
13599,136166,0.782,-5204.164,5304.244,255,255
13600,136176,0.579,-5298.411,5398.381,255,255
13601,136186,0.830,-5201.040,5301.060,255,255
13602,136196,0.870,-5192.730,5392.450,255,255
13603,136206,0.922,-5209.377,5309.557,255,255
13604,136216,0.816,-5193.249,5392.989,255,255
13605,136226,0.934,-5203.643,5303.712,255,255
13606,136236,0.958,-5195.324,5395.145,255,255
13607,136246,0.635,-5204.684,5304.774,255,255
13608,136256,0.914,-5295.234,5395.145,255,255
13609,136266,1.152,-5206.769,5306.899,255,255
13610,136276,0.727,-5192.212,5391.912,255,255
13611,136286,0.983,-5208.333,5308.494,255,255
13612,136296,0.847,-5194.287,5394.067,255,255
13613,136306,0.450,-5203.122,5303.182,255,255
13614,136316,0.727,-5197.401,5397.301,255,255
13615,136326,0.562,-5303.712,5303.712,255,255
13616,136336,0.585,-5195.324,5395.145,255,255
13617,136346,1.061,-5203.122,5303.182,255,255
13618,136356,0.927,-5193.249,5392.989,255,255
13619,136366,0.910,-5209.377,5309.557,255,255
13620,136376,1.047,-5196.363,5396.223,255,255
13621,136386,0.843,-5205.205,5305.305,255,255
13622,136396,0.943,-5196.363,5396.223,255,255
13623,136406,0.842,-5202.081,5302.121,255,255
13624,136416,0.943,-5195.843,5395.684,255,255
13625,136426,1.214,-5202.081,5302.121,255,255
13626,136436,1.120,-5297.351,5397.301,255,255
13627,136446,1.256,-5205.205,5305.305,255,255
13628,136456,1.189,-5193.768,5393.528,255,255
13629,136466,1.226,-5206.769,5306.899,255,255
13630,136476,1.167,-5193.768,5393.528,255,255
13631,136486,0.808,-5204.684,5304.774,255,255
13632,136496,0.896,-5196.363,5396.223,255,255
13633,136506,1.190,-5203.122,5303.182,255,255
13634,136516,0.831,-5199.480,5399.460,255,255
13635,136526,1.108,-5200.000,5300.000,255,255
13636,136536,1.196,-5297.881,5397.841,255,255
13637,136546,0.751,-5197.921,5297.881,255,255
13638,136556,1.085,-5199.480,5399.460,255,255
13639,136566,1.036,-5205.205,5305.305,255,255
13640,136576,0.754,-5194.805,5394.605,255,255
13641,136586,1.152,-5204.684,5304.774,255,255
13642,136596,1.071,-5196.363,5396.223,255,255
13643,136606,0.882,-5206.248,5306.368,255,255
13644,136616,0.970,-5292.062,5391.912,255,255
13645,136626,0.693,-5205.727,5305.836,255,255
13646,136636,0.616,-5197.401,5397.301,255,255
13647,136646,0.705,-5205.727,5305.836,255,255
13648,136656,0.816,-5193.249,5392.989,255,255
13649,136666,0.906,-5204.164,5304.244,255,255
13650,136676,0.857,-5194.287,5394.067,255,255
13651,136686,0.982,-5205.205,5305.305,255,255
13652,136696,1.068,-5296.822,5396.762,255,255
13653,136706,0.991,-5203.122,5303.182,255,255
13654,136716,1.117,-5195.843,5395.684,255,255
13655,136726,0.849,-5206.769,5306.899,255,255
13656,136736,0.992,-5192.730,5392.450,255,255
13657,136746,1.344,-5204.684,5304.774,255,255
13658,136756,0.945,-5197.401,5397.301,255,255
13659,136766,1.261,-5300.530,5300.530,255,255
13660,136776,1.624,-5196.882,5396.762,255,255
13661,136786,1.341,-5206.248,5306.368,255,255
13662,136796,1.449,-5195.843,5395.684,255,255
13663,136806,1.432,-5203.643,5303.712,255,255
13664,136816,1.175,-5193.249,5392.989,255,255
13665,136826,1.479,-5207.290,5307.430,255,255
13666,136836,1.628,-5195.324,5395.145,255,255
13667,136846,1.418,-5202.081,5302.121,255,255
13668,136856,1.771,-5195.324,5395.145,255,255
13669,136866,1.822,-5305.305,5305.305,255,255
13670,136876,1.749,-5193.249,5392.989,255,255
13671,136886,1.876,-5208.855,5309.025,255,255
13672,136896,1.845,-5193.249,5392.989,255,255
13673,136906,1.802,-5204.684,5304.774,255,255
13674,136916,1.584,-5198.960,5398.920,255,255
13675,136926,1.659,-5200.000,5400.000,255,255
13676,136936,1.747,-5198.960,5298.940,255,255
13677,136946,1.411,-5203.122,5403.242,255,255
13678,136956,1.584,-5196.363,5296.293,255,255
13679,136966,1.831,-5203.643,5403.783,255,255
13680,136976,1.431,-5197.401,5297.351,255,255
13681,136986,1.569,-5201.561,5401.621,255,255
13682,136996,1.601,-5298.411,5298.411,255,255
13683,137006,1.407,-5203.643,5403.783,255,255
13684,137016,1.687,-5197.401,5297.351,255,255
13685,137026,1.499,-5203.643,5403.783,255,255
13686,137036,1.216,-5194.805,5294.705,255,255
13687,137046,1.572,-5199.480,5399.460,255,255
13688,137056,1.492,-5199.480,5299.470,255,255
13689,137066,1.292,-5204.164,5404.324,255,255
13690,137076,1.521,-5196.882,5296.822,255,255
13691,137086,1.380,-5205.727,5405.947,255,255
13692,137096,1.324,-5194.805,5394.605,255,255
13693,137106,1.230,-5303.712,5303.712,255,255
13694,137116,1.341,-5195.843,5395.684,255,255
13695,137126,1.466,-5202.081,5302.121,255,255
13696,137136,1.335,-5193.768,5393.528,255,255
13697,137146,1.620,-5206.769,5306.899,255,255
13698,137156,1.494,-5197.401,5397.301,255,255
13699,137166,1.530,-5203.643,5303.712,255,255
13700,137176,1.829,-5196.882,5396.762,255,255
13701,137186,1.251,-5205.727,5305.836,255,255
13702,137196,1.400,-5194.287,5394.067,255,255
13703,137206,1.800,-5201.561,5301.590,255,255
13704,137216,1.428,-5296.822,5396.762,255,255
13705,137226,1.530,-5205.205,5305.305,255,255
13706,137236,1.596,-5195.324,5395.145,255,255
13707,137246,1.234,-5204.684,5304.774,255,255
13708,137256,1.517,-5194.805,5394.605,255,255
13709,137266,1.481,-5202.601,5302.651,255,255
13710,137276,1.323,-5197.921,5397.841,255,255
13711,137286,1.652,-5204.164,5304.244,255,255
13712,137296,1.636,-5193.768,5393.528,255,255
13713,137306,1.485,-5205.205,5305.305,255,255
13714,137316,1.541,-5296.822,5396.762,255,255
13715,137326,1.440,-5205.205,5305.305,255,255
13716,137336,1.144,-5190.657,5390.297,255,255
13717,137346,1.070,-5209.899,5310.089,255,255
13718,137356,1.190,-5193.249,5392.989,255,255
13719,137366,1.318,-5204.164,5304.244,255,255
13720,137376,1.103,-5196.882,5396.762,255,255
13721,137386,1.180,-5203.643,5303.712,255,255
13722,137396,0.916,-5197.921,5397.841,255,255
13723,137406,0.721,-5300.530,5400.541,255,255
13724,137416,1.073,-5199.480,5299.470,255,255
13725,137426,0.740,-5198.960,5398.920,255,255
13726,137436,0.754,-5200.000,5300.000,255,255
13727,137446,1.282,-5202.081,5402.161,255,255
13728,137456,0.887,-5197.921,5297.881,255,255
13729,137466,0.965,-5201.561,5401.621,255,255
13730,137476,1.251,-5296.293,5296.293,255,255
13731,137486,0.861,-5204.684,5404.864,255,255
13732,137496,0.929,-5197.921,5297.881,255,255
13733,137506,0.902,-5201.040,5401.080,255,255
13734,137516,0.781,-5197.921,5297.881,255,255
13735,137526,1.070,-5203.643,5403.783,255,255
13736,137536,0.978,-5196.882,5296.822,255,255
13737,137546,0.965,-5203.643,5403.783,255,255
13738,137556,1.114,-5197.401,5297.351,255,255
13739,137566,1.002,-5300.000,5400.000,255,255
13740,137576,1.186,-5198.441,5298.411,255,255
13741,137586,1.033,-5202.081,5402.161,255,255
13742,137596,1.053,-5200.000,5300.000,255,255
13743,137606,1.136,-5201.040,5401.080,255,255
13744,137616,0.923,-5198.441,5298.411,255,255
13745,137626,1.009,-5201.561,5401.621,255,255
13746,137636,1.158,-5298.940,5298.940,255,255
13747,137646,0.834,-5194.805,5394.605,255,255
13748,137656,1.031,-5203.122,5303.182,255,255
13749,137666,1.279,-5204.164,5404.324,255,255
13750,137676,1.061,-5194.805,5294.705,255,255
13751,137686,1.277,-5202.081,5402.161,255,255
13752,137696,1.330,-5199.480,5299.470,255,255
13753,137706,1.059,-5301.590,5401.621,255,255
13754,137716,1.299,-5197.401,5297.351,255,255
13755,137726,1.166,-5204.164,5404.324,255,255
13756,137736,1.002,-5196.363,5296.293,255,255
13757,137746,1.132,-5202.081,5402.161,255,255
13758,137756,1.100,-5198.960,5298.940,255,255
13759,137766,0.836,-5303.182,5403.242,255,255
13760,137776,1.098,-5198.960,5298.940,255,255
13761,137786,1.039,-5197.921,5397.841,255,255
13762,137796,1.074,-5201.040,5301.060,255,255
13763,137806,0.891,-5201.561,5401.621,255,255
13764,137816,0.948,-5195.324,5295.234,255,255
13765,137826,1.114,-5205.727,5405.947,255,255
13766,137836,0.832,-5296.822,5396.762,255,255
13767,137846,1.076,-5200.000,5300.000,255,255
13768,137856,1.155,-5199.480,5299.470,255,255
13769,137866,0.918,-5203.122,5403.242,255,255
13770,137876,1.032,-5197.921,5297.881,255,255
13771,137886,0.800,-5200.521,5400.541,255,255
13772,137896,0.799,-5296.293,5396.223,255,255
13773,137906,1.211,-5200.000,5300.000,255,255
13774,137916,0.892,-5201.040,5401.080,255,255
13775,137926,0.890,-5203.643,5303.712,255,255
13776,137936,1.057,-5197.921,5397.841,255,255
13777,137946,0.608,-5200.521,5300.530,255,255
13778,137956,0.649,-5297.351,5397.301,255,255
13779,137966,0.564,-5204.684,5304.774,255,255
13780,137976,0.219,-5195.843,5395.684,255,255
13781,137986,0.477,-5203.643,5303.712,255,255
13782,137996,0.365,-5198.960,5398.920,255,255
13783,138006,0.258,-5198.960,5298.940,255,255
13784,138016,0.565,-5296.293,5396.223,255,255
13785,138026,0.538,-5204.164,5304.244,255,255
13786,138036,0.383,-5193.768,5393.528,255,255
13787,138046,0.482,-5207.812,5307.962,255,255
13788,138056,0.683,-5195.324,5395.145,255,255
13789,138066,0.757,-5204.164,5304.244,255,255
13790,138076,0.564,-5198.960,5398.920,255,255
13791,138086,0.595,-5201.561,5301.590,255,255
13792,138096,0.759,-5296.822,5396.762,255,255
13793,138106,0.491,-5203.122,5303.182,255,255
13794,138116,0.544,-5199.480,5399.460,255,255
13795,138126,0.481,-5200.521,5400.541,255,255
13796,138136,0.366,-5196.882,5296.822,255,255
13797,138146,0.670,-5201.561,5401.621,255,255
13798,138156,0.318,-5300.530,5300.530,255,255
13799,138166,0.491,-5198.960,5398.920,255,255
13800,138176,0.965,-5200.000,5300.000,255,255
13801,138186,0.593,-5202.081,5402.161,255,255
13802,138196,0.416,-5200.000,5300.000,255,255
13803,138206,0.658,-5200.000,5400.000,255,255
13804,138216,0.322,-5295.234,5295.234,255,255
13805,138226,0.222,-5202.081,5402.161,255,255
13806,138236,0.197,-5200.000,5300.000,255,255
13807,138246,0.177,-5203.122,5403.242,255,255
13808,138256,0.373,-5197.401,5397.301,255,255
13809,138266,0.214,-5303.712,5303.712,255,255
13810,138276,0.284,-5190.139,5389.760,255,255
13811,138286,0.276,-5211.465,5311.686,255,255
13812,138296,0.235,-5194.805,5394.605,255,255
13813,138306,0.320,-5201.561,5301.590,255,255
13814,138316,0.225,-5196.363,5396.223,255,255
13815,138326,0.415,-5303.712,5303.712,255,255
13816,138336,0.605,-5195.324,5395.145,255,255
13817,138346,0.409,-5204.164,5304.244,255,255
13818,138356,0.312,-5196.882,5396.762,255,255
13819,138366,0.554,-5203.643,5303.712,255,255
13820,138376,0.255,-5295.764,5395.684,255,255
13821,138386,0.205,-5201.561,5401.621,255,255
13822,138396,0.477,-5200.521,5300.530,255,255
13823,138406,0.016,-5204.164,5404.324,255,255
13824,138416,0.075,-5196.882,5296.822,255,255
13825,138426,0.144,-5199.480,5399.460,255,255
13826,138436,-0.164,-5300.530,5300.530,255,255
13827,138446,0.039,-5200.521,5400.541,255,255
13828,138456,0.042,-5195.324,5295.234,255,255
13829,138466,-0.055,-5204.164,5404.324,255,255
13830,138476,0.248,-5297.351,5297.351,255,255
13831,138486,0.073,-5202.601,5402.701,255,255
13832,138496,-0.267,-5195.324,5395.145,255,255
13833,138506,-0.243,-5207.290,5307.430,255,255
13834,138516,-0.420,-5196.882,5396.762,255,255
13835,138526,-0.614,-5301.590,5301.590,255,255
13836,138536,-0.929,-5198.441,5398.381,255,255
13837,138546,-0.816,-5202.601,5302.651,255,255
13838,138556,-0.752,-5192.730,5392.450,255,255
13839,138566,-1.022,-5304.774,5304.774,255,255
13840,138576,-0.919,-5198.960,5398.920,255,255
13841,138586,-0.801,-5203.643,5303.712,255,255
13842,138596,-1.090,-5197.401,5397.301,255,255
13843,138606,-0.893,-5202.081,5402.161,255,255
13844,138616,-0.927,-5298.411,5298.411,255,255
13845,138626,-0.972,-5199.480,5399.460,255,255
13846,138636,-0.579,-5198.441,5298.411,255,255
13847,138646,-0.663,-5202.601,5402.701,255,255
13848,138656,-0.788,-5199.480,5299.470,255,255
13849,138666,-0.387,-5301.590,5401.621,255,255
13850,138676,-0.583,-5195.843,5295.764,255,255
13851,138686,-0.655,-5204.684,5404.864,255,255
13852,138696,-0.423,-5197.921,5297.881,255,255
13853,138706,-0.505,-5203.643,5403.783,255,255
13854,138716,-0.232,-5193.249,5392.989,255,255
13855,138726,-0.244,-5305.836,5305.836,255,255
13856,138736,-0.330,-5195.843,5395.684,255,255
13857,138746,-0.238,-5205.205,5305.305,255,255
13858,138756,-0.320,-5196.882,5396.762,255,255
13859,138766,-0.322,-5201.040,5301.060,255,255
13860,138776,-0.270,-5295.764,5395.684,255,255
13861,138786,-0.190,-5201.561,5301.590,255,255
13862,138796,-0.038,-5200.521,5400.541,255,255
13863,138806,-0.377,-5203.643,5403.783,255,255
13864,138816,-0.049,-5196.882,5296.822,255,255
13865,138826,0.299,-5201.040,5401.080,255,255
13866,138836,-0.012,-5198.441,5298.411,255,255
13867,138846,0.335,-5303.712,5403.783,255,255
13868,138856,0.672,-5193.249,5293.119,255,255
13869,138866,0.210,-5202.081,5402.161,255,255
13870,138876,0.551,-5202.081,5302.121,255,255
13871,138886,0.619,-5200.521,5400.541,255,255
13872,138896,0.453,-5195.843,5395.684,255,255
13873,138906,1.039,-5303.712,5303.712,255,255
13874,138916,0.962,-5194.287,5394.067,255,255
13875,138926,0.859,-5206.769,5306.899,255,255
13876,138936,1.101,-5196.363,5396.223,255,255
13877,138946,1.054,-5204.164,5304.244,255,255
13878,138956,0.776,-5190.657,5390.297,255,255
13879,138966,0.748,-5310.622,5310.622,255,255
13880,138976,0.828,-5186.515,5385.996,255,255
13881,138986,0.629,-5211.988,5312.218,255,255
13882,138996,0.516,-5198.960,5398.920,255,255
13883,139006,0.708,-5203.122,5403.242,255,255
13884,139016,0.809,-5194.805,5294.705,255,255
13885,139026,0.658,-5302.651,5402.701,255,255
13886,139036,0.682,-5198.441,5298.411,255,255
13887,139046,0.277,-5203.122,5403.242,255,255
13888,139056,0.300,-5197.401,5297.351,255,255
13889,139066,0.549,-5202.081,5402.161,255,255
13890,139076,0.585,-5197.401,5297.351,255,255
13891,139086,0.434,-5203.643,5403.783,255,255
13892,139096,0.584,-5195.324,5395.145,255,255
13893,139106,0.458,-5202.601,5302.651,255,255
13894,139116,0.271,-5294.177,5394.067,255,255
13895,139126,0.660,-5207.812,5307.962,255,255
13896,139136,0.535,-5191.175,5390.835,255,255
13897,139146,0.155,-5204.164,5304.244,255,255
13898,139156,0.433,-5201.040,5401.080,255,255
13899,139166,0.330,-5202.601,5302.651,255,255
13900,139176,0.278,-5194.805,5394.605,255,255
13901,139186,0.279,-5205.205,5405.405,255,255
13902,139196,0.253,-5298.411,5298.411,255,255
13903,139206,0.226,-5196.363,5396.223,255,255
13904,139216,0.245,-5202.601,5302.651,255,255
13905,139226,0.266,-5197.921,5397.841,255,255
13906,139236,0.177,-5201.561,5301.590,255,255
13907,139246,0.104,-5201.561,5401.621,255,255
13908,139256,0.158,-5297.881,5297.881,255,255
13909,139266,-0.195,-5202.601,5402.701,255,255
13910,139276,-0.002,-5197.401,5397.301,255,255
13911,139286,0.265,-5204.164,5304.244,255,255
13912,139296,-0.187,-5195.843,5395.684,255,255
13913,139306,-0.138,-5206.248,5306.368,255,255
13914,139316,0.044,-5295.764,5395.684,255,255
13915,139326,-0.404,-5202.081,5302.121,255,255
13916,139336,-0.272,-5193.249,5392.989,255,255
13917,139346,-0.101,-5205.727,5405.947,255,255
13918,139356,-0.212,-5194.287,5294.177,255,255
13919,139366,0.084,-5205.205,5405.405,255,255
13920,139376,-0.035,-5295.764,5295.764,255,255
13921,139386,-0.132,-5202.081,5402.161,255,255
13922,139396,0.206,-5199.480,5299.470,255,255
13923,139406,0.149,-5203.122,5403.242,255,255
13924,139416,0.002,-5198.960,5298.940,255,255
13925,139426,-0.001,-5200.000,5400.000,255,255
13926,139436,0.030,-5199.480,5299.470,255,255
13927,139446,0.136,-5302.121,5402.161,255,255
13928,139456,-0.050,-5193.249,5392.989,255,255
13929,139466,0.093,-5207.812,5307.962,255,255
13930,139476,-0.063,-5194.805,5394.605,255,255
13931,139486,-0.309,-5204.164,5304.244,255,255
13932,139496,-0.076,-5293.119,5392.989,255,255
13933,139506,-0.600,-5204.684,5304.774,255,255
13934,139516,-0.777,-5198.441,5398.381,255,255
13935,139526,-0.496,-5204.164,5304.244,255,255
13936,139536,-0.861,-5194.805,5394.605,255,255
13937,139546,-0.882,-5205.727,5305.836,255,255
13938,139556,-0.454,-5194.805,5394.605,255,255
13939,139566,-0.844,-5304.244,5304.244,255,255
13940,139576,-0.961,-5197.401,5397.301,255,255
13941,139586,-0.780,-5202.601,5302.651,255,255
13942,139596,-1.148,-5193.249,5392.989,255,255
13943,139606,-1.081,-5205.205,5305.305,255,255
13944,139616,-1.225,-5197.921,5397.841,255,255
13945,139626,-1.441,-5201.561,5301.590,255,255
13946,139636,-1.061,-5298.940,5398.920,255,255
13947,139646,-1.018,-5203.643,5303.712,255,255
13948,139656,-1.185,-5194.805,5394.605,255,255
13949,139666,-0.957,-5205.727,5305.836,255,255
13950,139676,-0.882,-5195.843,5395.684,255,255
13951,139686,-0.968,-5300.000,5400.000,255,255
13952,139696,-1.218,-5200.521,5300.530,255,255
13953,139706,-1.113,-5200.000,5400.000,255,255
13954,139716,-0.783,-5199.480,5299.470,255,255
13955,139726,-1.108,-5201.561,5401.621,255,255
13956,139736,-0.891,-5296.293,5296.293,255,255
13957,139746,-0.610,-5201.561,5401.621,255,255
13958,139756,-0.865,-5200.000,5300.000,255,255
13959,139766,-0.637,-5203.122,5403.242,255,255
13960,139776,-0.755,-5297.351,5297.351,255,255
13961,139786,-0.884,-5202.601,5402.701,255,255
13962,139796,-0.674,-5198.960,5398.920,255,255
13963,139806,-0.324,-5202.601,5302.651,255,255
13964,139816,-0.746,-5194.287,5394.067,255,255
13965,139826,-0.526,-5305.305,5305.305,255,255
13966,139836,-0.433,-5195.324,5395.145,255,255
13967,139846,-0.400,-5204.684,5304.774,255,255
13968,139856,0.011,-5193.249,5392.989,255,255
13969,139866,-0.240,-5205.727,5305.836,255,255
13970,139876,-0.327,-5294.705,5394.605,255,255
13971,139886,-0.256,-5202.081,5402.161,255,255
13972,139896,-0.297,-5200.000,5300.000,255,255
13973,139906,-0.381,-5200.000,5400.000,255,255
13974,139916,-0.474,-5300.530,5300.530,255,255
13975,139926,-0.109,-5201.561,5401.621,255,255
13976,139936,0.080,-5199.480,5299.470,255,255
13977,139946,-0.168,-5202.601,5402.701,255,255
13978,139956,0.138,-5195.843,5295.764,255,255
13979,139966,0.283,-5304.244,5404.324,255,255
13980,139976,0.097,-5194.805,5394.605,255,255
13981,139986,0.273,-5207.812,5307.962,255,255
13982,139996,0.127,-5193.249,5392.989,255,255
13983,140006,0.001,-5201.040,5301.060,255,255
13984,140016,0.360,-5298.411,5398.381,255,255
13985,140026,0.119,-5203.643,5303.712,255,255
13986,140036,0.093,-5198.960,5398.920,255,255
13987,140046,0.480,-5202.081,5402.161,255,255
13988,140056,0.155,-5192.730,5292.590,255,255
13989,140066,0.053,-5304.244,5404.324,255,255
13990,140076,0.227,-5199.480,5299.470,255,255
13991,140086,0.060,-5201.561,5401.621,255,255
13992,140096,0.009,-5196.882,5296.822,255,255
13993,140106,-0.079,-5204.164,5404.324,255,255
13994,140116,0.062,-5293.647,5393.528,255,255
13995,140126,0.339,-5205.727,5305.836,255,255
13996,140136,0.339,-5196.882,5396.762,255,255
13997,140146,0.506,-5203.643,5303.712,255,255
13998,140156,0.517,-5296.293,5396.223,255,255
13999,140166,0.632,-5203.643,5303.712,255,255
14000,140176,0.765,-5198.441,5398.381,0,0
14001,140186,0.712,-4802.401,4902.451,0,0
14002,140196,0.923,-3794.309,3994.009,0,0
14003,140206,0.419,-3002.702,3202.883,0,0
14004,140216,0.074,-2298.851,2398.801,0,0
14005,140226,0.098,-1701.361,1901.521,0,0
14006,140236,0.309,-1299.480,1399.440,0,0
14007,140246,0.273,-900.090,1000.100,0,0
14008,140256,0.125,-699.510,799.440,0,0
14009,140266,0.255,-400.200,500.250,0,0
14010,140276,0.351,-399.840,399.840,0,0
14011,140286,0.337,-200.080,300.120,0,0
14012,140296,0.364,-99.940,99.940,0,0
14013,140306,0.404,-100.080,100.080,0,0
14014,140316,0.419,0.000,99.930,0,0
14015,140326,0.429,0.000,0.000,0,0
14016,140336,0.430,99.950,99.950,0,0
14017,140346,0.442,0.000,0.000,0,0
14018,140356,0.461,0.000,0.000,0,0
14019,140366,0.479,0.000,0.000,0,0
14020,140376,0.478,0.000,0.000,0,0
14021,140386,0.461,0.000,0.000,0,0
14022,140396,0.449,0.000,0.000,0,0
14023,140406,0.444,0.000,0.000,0,0
14024,140416,0.434,0.000,0.000,0,0
14025,140426,0.430,0.000,0.000,0,0
14026,140436,0.417,0.000,0.000,0,0
14027,140446,0.411,0.000,0.000,0,0
14028,140456,0.410,0.000,0.000,0,0
14029,140466,0.405,0.000,0.000,0,0
14030,140476,0.404,0.000,0.000,0,0
14031,140486,0.390,0.000,0.000,0,0
14032,140496,0.381,0.000,0.000,0,0
14033,140506,0.370,0.000,0.000,0,0
14034,140516,0.360,0.000,0.000,0,0
14035,140526,0.351,0.000,0.000,0,0
14036,140536,0.346,0.000,0.000,0,0
14037,140546,0.341,0.000,0.000,0,0
14038,140556,0.344,0.000,0.000,0,0
14039,140566,0.343,0.000,0.000,0,0
14040,140576,0.338,0.000,0.000,0,0
14041,140586,0.330,0.000,0.000,0,0
14042,140596,0.320,0.000,0.000,0,0
14043,140606,0.312,0.000,0.000,0,0
14044,140616,0.311,0.000,0.000,0,0
14045,140626,0.300,0.000,0.000,0,0
14046,140636,0.298,0.000,0.000,0,0
14047,140646,0.295,0.000,0.000,0,0
14048,140656,0.296,0.000,0.000,0,0
14049,140666,0.294,0.000,0.000,0,0
14050,140676,0.289,0.000,0.000,0,0
14051,140686,0.284,0.000,0.000,0,0
14052,140696,0.283,0.000,0.000,0,0
14053,140706,0.277,0.000,0.000,0,0
14054,140716,0.276,0.000,0.000,0,0
14055,140726,0.271,0.000,0.000,0,0
14056,140736,0.272,0.000,0.000,0,0
14057,140746,0.266,0.000,0.000,0,0
14058,140756,0.267,0.000,0.000,0,0
14059,140766,0.267,0.000,0.000,0,0
14060,140776,0.260,0.000,0.000,0,0
14061,140786,0.254,0.000,0.000,0,0
14062,140796,0.244,0.000,0.000,0,0
14063,140806,0.239,0.000,0.000,0,0
14064,140816,0.235,0.000,0.000,0,0
14065,140826,0.228,0.000,0.000,0,0
14066,140836,0.229,0.000,0.000,0,0
14067,140846,0.230,0.000,0.000,0,0
14068,140856,0.228,0.000,0.000,0,0
14069,140866,0.226,0.000,0.000,0,0
14070,140876,0.226,0.000,0.000,0,0
14071,140886,0.215,0.000,0.000,0,0
14072,140896,0.209,0.000,0.000,0,0
14073,140906,0.202,0.000,0.000,0,0
14074,140916,0.199,0.000,0.000,0,0
14075,140926,0.194,0.000,0.000,0,0
14076,140936,0.188,0.000,0.000,0,0
14077,140946,0.189,0.000,0.000,0,0
14078,140956,0.194,0.000,0.000,0,0
14079,140966,0.189,0.000,0.000,0,0
14080,140976,0.187,0.000,0.000,0,0
14081,140986,0.187,0.000,0.000,0,0
14082,140996,0.187,0.000,0.000,0,0
14083,141006,0.184,0.000,0.000,0,0
14084,141016,0.181,0.000,0.000,0,0
14085,141026,0.170,0.000,0.000,0,0
14086,141036,0.172,0.000,0.000,0,0
14087,141046,0.176,0.000,0.000,0,0
14088,141056,0.174,0.000,0.000,0,0
14089,141066,0.175,0.000,0.000,0,0
14090,141076,0.172,0.000,0.000,0,0
14091,141086,0.170,0.000,0.000,0,0
14092,141096,0.164,0.000,0.000,0,0
14093,141106,0.158,0.000,0.000,0,0
14094,141116,0.162,0.000,0.000,0,0
14095,141126,0.156,0.000,0.000,0,0
14096,141136,0.153,0.000,0.000,0,0
14097,141146,0.150,0.000,0.000,0,0
14098,141156,0.148,0.000,0.000,0,0
14099,141166,0.145,0.000,0.000,0,0
14100,141176,0.144,0.000,0.000,0,0
14101,141186,0.142,0.000,0.000,0,0
14102,141196,0.133,0.000,0.000,0,0
14103,141206,0.135,0.000,0.000,0,0
14104,141216,0.127,0.000,0.000,0,0
14105,141226,0.125,0.000,0.000,0,0
14106,141236,0.128,0.000,0.000,0,0
14107,141246,0.134,0.000,0.000,0,0
14108,141256,0.131,0.000,0.000,0,0
14109,141266,0.128,0.000,0.000,0,0
14110,141276,0.125,0.000,0.000,0,0
14111,141286,0.124,0.000,0.000,0,0
14112,141296,0.124,0.000,0.000,0,0
14113,141306,0.123,0.000,0.000,0,0
14114,141316,0.124,0.000,0.000,0,0
14115,141326,0.122,0.000,0.000,0,0
14116,141336,0.126,0.000,0.000,0,0
14117,141346,0.126,0.000,0.000,0,0
14118,141356,0.128,0.000,0.000,0,0
14119,141366,0.123,0.000,0.000,0,0
14120,141376,0.127,0.000,0.000,0,0
14121,141386,0.125,0.000,0.000,0,0
14122,141396,0.125,0.000,0.000,0,0
14123,141406,0.122,0.000,0.000,0,0
14124,141416,0.123,0.000,0.000,0,0
14125,141426,0.126,0.000,0.000,0,0
14126,141436,0.123,0.000,0.000,0,0
14127,141446,0.116,0.000,0.000,0,0
14128,141456,0.119,0.000,0.000,0,0
14129,141466,0.119,0.000,0.000,0,0
14130,141476,0.119,0.000,0.000,0,0
14131,141486,0.109,0.000,0.000,0,0
14132,141496,0.101,0.000,0.000,0,0
14133,141506,0.100,0.000,0.000,0,0
14134,141516,0.102,0.000,0.000,0,0
14135,141526,0.101,0.000,0.000,0,0
14136,141536,0.100,0.000,0.000,0,0
14137,141546,0.104,0.000,0.000,0,0
14138,141556,0.099,0.000,0.000,0,0
14139,141566,0.096,0.000,0.000,0,0
14140,141576,0.096,0.000,0.000,0,0
14141,141586,0.101,0.000,0.000,0,0
14142,141596,0.098,0.000,0.000,0,0
14143,141606,0.092,0.000,0.000,0,0
14144,141616,0.090,0.000,0.000,0,0
14145,141626,0.090,0.000,0.000,0,0
14146,141636,0.091,0.000,0.000,0,0
14147,141646,0.089,0.000,0.000,0,0
14148,141656,0.090,0.000,0.000,0,0
14149,141666,0.094,0.000,0.000,0,0
14150,141676,0.104,0.000,0.000,0,0
14151,141686,0.097,0.000,0.000,0,0
14152,141696,0.101,0.000,0.000,0,0
14153,141706,0.103,0.000,0.000,0,0
14154,141716,0.108,0.000,0.000,0,0
14155,141726,0.106,0.000,0.000,0,0
14156,141736,0.112,0.000,0.000,0,0
14157,141746,0.108,0.000,0.000,0,0
14158,141756,0.104,0.000,0.000,0,0
14159,141766,0.109,0.000,0.000,0,0
14160,141776,0.107,0.000,0.000,0,0
14161,141786,0.097,0.000,0.000,0,0
14162,141796,0.098,0.000,0.000,0,0
14163,141806,0.097,0.000,0.000,0,0
14164,141816,0.100,0.000,0.000,0,0
14165,141826,0.096,0.000,0.000,0,0
14166,141836,0.087,0.000,0.000,0,0
14167,141846,0.090,0.000,0.000,0,0
14168,141856,0.085,0.000,0.000,0,0
14169,141866,0.085,0.000,0.000,0,0
14170,141876,0.089,0.000,0.000,0,0
14171,141886,0.090,0.000,0.000,0,0
14172,141896,0.094,0.000,0.000,0,0
14173,141906,0.099,0.000,0.000,0,0
14174,141916,0.103,0.000,0.000,0,0
14175,141926,0.101,0.000,0.000,0,0
14176,141936,0.095,0.000,0.000,0,0
14177,141946,0.093,0.000,0.000,0,0
14178,141956,0.093,0.000,0.000,0,0
14179,141966,0.096,0.000,0.000,0,0
14180,141976,0.098,0.000,0.000,0,0
14181,141986,0.095,0.000,0.000,0,0
14182,141996,0.093,0.000,0.000,0,0
14183,142006,0.090,0.000,0.000,0,0
14184,142016,0.093,0.000,0.000,0,0
14185,142026,0.095,0.000,0.000,0,0
14186,142036,0.099,0.000,0.000,0,0
14187,142046,0.100,0.000,0.000,0,0
14188,142056,0.098,0.000,0.000,0,0
14189,142066,0.102,0.000,0.000,0,0
14190,142076,0.099,0.000,0.000,0,0
14191,142086,0.101,0.000,0.000,0,0
14192,142096,0.099,0.000,0.000,0,0
14193,142106,0.098,0.000,0.000,0,0
14194,142116,0.099,0.000,0.000,0,0
14195,142126,0.098,0.000,0.000,0,0
14196,142136,0.096,0.000,0.000,0,0
14197,142146,0.093,0.000,0.000,0,0
14198,142156,0.088,0.000,0.000,0,0
14199,142166,0.086,0.000,0.000,0,0
14200,142176,0.088,0.000,0.000,0,0
14201,142186,0.086,0.000,0.000,0,0
14202,142196,0.090,0.000,0.000,0,0
14203,142206,0.094,0.000,0.000,0,0
14204,142216,0.094,0.000,0.000,0,0
14205,142226,0.090,0.000,0.000,0,0
14206,142236,0.089,0.000,0.000,0,0
14207,142246,0.090,0.000,0.000,0,0
14208,142256,0.090,0.000,0.000,0,0
14209,142266,0.086,0.000,0.000,0,0
14210,142276,0.084,0.000,0.000,0,0
14211,142286,0.087,0.000,0.000,0,0
14212,142296,0.087,0.000,0.000,0,0
14213,142306,0.085,0.000,0.000,0,0
14214,142316,0.087,0.000,0.000,0,0
14215,142326,0.087,0.000,0.000,0,0
14216,142336,0.084,0.000,0.000,0,0
14217,142346,0.087,0.000,0.000,0,0
14218,142356,0.093,0.000,0.000,0,0
14219,142366,0.097,0.000,0.000,0,0
14220,142376,0.099,0.000,0.000,0,0
14221,142386,0.094,0.000,0.000,0,0
14222,142396,0.095,0.000,0.000,0,0
14223,142406,0.092,0.000,0.000,0,0
14224,142416,0.091,0.000,0.000,0,0
14225,142426,0.088,0.000,0.000,0,0
14226,142436,0.086,0.000,0.000,0,0
14227,142446,0.082,0.000,0.000,0,0
14228,142456,0.080,0.000,0.000,0,0
14229,142466,0.081,0.000,0.000,0,0
14230,142476,0.083,0.000,0.000,0,0
14231,142486,0.087,0.000,0.000,0,0
14232,142496,0.085,0.000,0.000,0,0
14233,142506,0.086,0.000,0.000,0,0
14234,142516,0.093,0.000,0.000,0,0
14235,142526,0.088,0.000,0.000,0,0
14236,142536,0.086,0.000,0.000,0,0
14237,142546,0.082,0.000,0.000,0,0
14238,142556,0.087,0.000,0.000,0,0
14239,142566,0.085,0.000,0.000,0,0
14240,142576,0.087,0.000,0.000,0,0
14241,142586,0.091,0.000,0.000,0,0
14242,142596,0.090,0.000,0.000,0,0
14243,142606,0.092,0.000,0.000,0,0
14244,142616,0.093,0.000,0.000,0,0
14245,142626,0.098,0.000,0.000,0,0
14246,142636,0.100,0.000,0.000,0,0
14247,142646,0.103,0.000,0.000,0,0
14248,142656,0.100,0.000,0.000,0,0
14249,142666,0.098,0.000,0.000,0,0
14250,142676,0.098,0.000,0.000,0,0
14251,142686,0.096,0.000,0.000,0,0
14252,142696,0.090,0.000,0.000,0,0
14253,142706,0.082,0.000,0.000,0,0
14254,142716,0.088,0.000,0.000,0,0
14255,142726,0.091,0.000,0.000,0,0
14256,142736,0.087,0.000,0.000,0,0
14257,142746,0.084,0.000,0.000,0,0
14258,142756,0.085,0.000,0.000,0,0
14259,142766,0.090,0.000,0.000,0,0
14260,142776,0.092,0.000,0.000,0,0
14261,142786,0.094,0.000,0.000,0,0
14262,142796,0.097,0.000,0.000,0,0
14263,142806,0.098,0.000,0.000,0,0
14264,142816,0.100,0.000,0.000,0,0
14265,142826,0.096,0.000,0.000,0,0
14266,142836,0.096,0.000,0.000,0,0
14267,142846,0.094,0.000,0.000,0,0
14268,142856,0.097,0.000,0.000,0,0
14269,142866,0.091,0.000,0.000,0,0
14270,142876,0.090,0.000,0.000,0,0
14271,142886,0.088,0.000,0.000,0,0
14272,142896,0.094,0.000,0.000,0,0
14273,142906,0.094,0.000,0.000,0,0
14274,142916,0.093,0.000,0.000,0,0
14275,142926,0.092,0.000,0.000,0,0
14276,142936,0.087,0.000,0.000,0,0
14277,142946,0.092,0.000,0.000,0,0
14278,142956,0.089,0.000,0.000,0,0
14279,142966,0.087,0.000,0.000,0,0
14280,142976,0.082,0.000,0.000,0,0
14281,142986,0.078,0.000,0.000,0,0
14282,142996,0.074,0.000,0.000,0,0
14283,143006,0.075,0.000,0.000,0,0
14284,143016,0.079,0.000,0.000,0,0
14285,143026,0.078,0.000,0.000,0,0
14286,143036,0.083,0.000,0.000,0,0
14287,143046,0.083,0.000,0.000,0,0
14288,143056,0.086,0.000,0.000,0,0
14289,143066,0.089,0.000,0.000,0,0
14290,143076,0.089,0.000,0.000,0,0
14291,143086,0.086,0.000,0.000,0,0
14292,143096,0.090,0.000,0.000,0,0
14293,143106,0.093,0.000,0.000,0,0
14294,143116,0.092,0.000,0.000,0,0
14295,143126,0.094,0.000,0.000,0,0
14296,143136,0.092,0.000,0.000,0,0
14297,143146,0.087,0.000,0.000,0,0
14298,143156,0.090,0.000,0.000,0,0
14299,143166,0.092,0.000,0.000,0,0
14300,143176,0.094,0.000,0.000,0,0
14301,143186,0.093,0.000,0.000,0,0
14302,143196,0.086,0.000,0.000,0,0
14303,143206,0.093,0.000,0.000,0,0
14304,143216,0.091,0.000,0.000,0,0
14305,143226,0.089,0.000,0.000,0,0
14306,143236,0.086,0.000,0.000,0,0
14307,143246,0.087,0.000,0.000,0,0
14308,143256,0.088,0.000,0.000,0,0
14309,143266,0.088,0.000,0.000,0,0
14310,143276,0.088,0.000,0.000,0,0
14311,143286,0.086,0.000,0.000,0,0
14312,143296,0.087,0.000,0.000,0,0
14313,143306,0.082,0.000,0.000,0,0
14314,143316,0.084,0.000,0.000,0,0
14315,143326,0.085,0.000,0.000,0,0
14316,143336,0.089,0.000,0.000,0,0
14317,143346,0.091,0.000,0.000,0,0
14318,143356,0.087,0.000,0.000,0,0
14319,143366,0.096,0.000,0.000,0,0
14320,143376,0.099,0.000,0.000,0,0
14321,143386,0.104,0.000,0.000,0,0
14322,143396,0.110,0.000,0.000,0,0
14323,143406,0.114,0.000,0.000,0,0
14324,143416,0.113,0.000,0.000,0,0
14325,143426,0.111,0.000,0.000,0,0
14326,143436,0.106,0.000,0.000,0,0
14327,143446,0.104,0.000,0.000,0,0
14328,143456,0.101,0.000,0.000,0,0
14329,143466,0.106,0.000,0.000,0,0
14330,143476,0.106,0.000,0.000,0,0
14331,143486,0.101,0.000,0.000,0,0
14332,143496,0.096,0.000,0.000,0,0
14333,143506,0.096,0.000,0.000,0,0
14334,143516,0.100,0.000,0.000,0,0
14335,143526,0.096,0.000,0.000,0,0
14336,143536,0.098,0.000,0.000,0,0
14337,143546,0.093,0.000,0.000,0,0
14338,143556,0.090,0.000,0.000,0,0
14339,143566,0.097,0.000,0.000,0,0
14340,143576,0.092,0.000,0.000,0,0
14341,143586,0.087,0.000,0.000,0,0
14342,143596,0.082,0.000,0.000,0,0
14343,143606,0.081,0.000,0.000,0,0
14344,143616,0.083,0.000,0.000,0,0
14345,143626,0.090,0.000,0.000,0,0
14346,143636,0.091,0.000,0.000,0,0
14347,143646,0.087,0.000,0.000,0,0
14348,143656,0.092,0.000,0.000,0,0
14349,143666,0.092,0.000,0.000,0,0
14350,143676,0.092,0.000,0.000,0,0
14351,143686,0.088,0.000,0.000,0,0
14352,143696,0.087,0.000,0.000,0,0
14353,143706,0.086,0.000,0.000,0,0
14354,143716,0.088,0.000,0.000,0,0
14355,143726,0.087,0.000,0.000,0,0
14356,143736,0.091,0.000,0.000,0,0
14357,143746,0.087,0.000,0.000,0,0
14358,143756,0.089,0.000,0.000,0,0
14359,143766,0.083,0.000,0.000,0,0
14360,143776,0.082,0.000,0.000,0,0
14361,143786,0.081,0.000,0.000,0,0
14362,143796,0.081,0.000,0.000,0,0
14363,143806,0.074,0.000,0.000,0,0
14364,143816,0.075,0.000,0.000,0,0
14365,143826,0.074,0.000,0.000,0,0
14366,143836,0.077,0.000,0.000,0,0
14367,143846,0.078,0.000,0.000,0,0
14368,143856,0.074,0.000,0.000,0,0
14369,143866,0.069,0.000,0.000,0,0
14370,143876,0.069,0.000,0.000,0,0
14371,143886,0.065,0.000,0.000,0,0
14372,143896,0.066,0.000,0.000,0,0
14373,143906,0.065,0.000,0.000,0,0
14374,143916,0.062,0.000,0.000,0,0
14375,143926,0.065,0.000,0.000,0,0
14376,143936,0.065,0.000,0.000,0,0
14377,143946,0.062,0.000,0.000,0,0
14378,143956,0.065,0.000,0.000,0,0
14379,143966,0.058,0.000,0.000,0,0
14380,143976,0.058,0.000,0.000,0,0
14381,143986,0.060,0.000,0.000,0,0
14382,143996,0.057,0.000,0.000,0,0
14383,144006,0.055,0.000,0.000,0,0
14384,144016,0.053,0.000,0.000,0,0
14385,144026,0.054,0.000,0.000,0,0
14386,144036,0.055,0.000,0.000,0,0
14387,144046,0.059,0.000,0.000,0,0
14388,144056,0.064,0.000,0.000,0,0
14389,144066,0.064,0.000,0.000,0,0
14390,144076,0.066,0.000,0.000,0,0
14391,144086,0.066,0.000,0.000,0,0
14392,144096,0.063,0.000,0.000,0,0
14393,144106,0.060,0.000,0.000,0,0
14394,144116,0.060,0.000,0.000,0,0
14395,144126,0.060,0.000,0.000,0,0
14396,144136,0.065,0.000,0.000,0,0
14397,144146,0.069,0.000,0.000,0,0
14398,144156,0.065,0.000,0.000,0,0
14399,144166,0.067,0.000,0.000,0,0
14400,144176,0.067,0.000,0.000,0,0
14401,144186,0.071,0.000,0.000,0,0
14402,144196,0.068,0.000,0.000,0,0
14403,144206,0.068,0.000,0.000,0,0
14404,144216,0.064,0.000,0.000,0,0
14405,144226,0.067,0.000,0.000,0,0
14406,144236,0.068,0.000,0.000,0,0
14407,144246,0.070,0.000,0.000,0,0
14408,144256,0.077,0.000,0.000,0,0
14409,144266,0.072,0.000,0.000,0,0
14410,144276,0.072,0.000,0.000,0,0
14411,144286,0.074,0.000,0.000,0,0
14412,144296,0.070,0.000,0.000,0,0
14413,144306,0.072,0.000,0.000,0,0
14414,144316,0.071,0.000,0.000,0,0
14415,144326,0.069,0.000,0.000,0,0
14416,144336,0.068,0.000,0.000,0,0
14417,144346,0.063,0.000,0.000,0,0
14418,144356,0.066,0.000,0.000,0,0
14419,144366,0.071,0.000,0.000,0,0
14420,144376,0.072,0.000,0.000,0,0
14421,144386,0.076,0.000,0.000,0,0
14422,144396,0.071,0.000,0.000,0,0
14423,144406,0.075,0.000,0.000,0,0
14424,144416,0.077,0.000,0.000,0,0
14425,144426,0.075,0.000,0.000,0,0
14426,144436,0.076,0.000,0.000,0,0
14427,144446,0.080,0.000,0.000,0,0
14428,144456,0.079,0.000,0.000,0,0
14429,144466,0.078,0.000,0.000,0,0
14430,144476,0.082,0.000,0.000,0,0
14431,144486,0.084,0.000,0.000,0,0
14432,144496,0.089,0.000,0.000,0,0
14433,144506,0.093,0.000,0.000,0,0
14434,144516,0.091,0.000,0.000,0,0
14435,144526,0.094,0.000,0.000,0,0
14436,144536,0.105,0.000,0.000,0,0
14437,144546,0.104,0.000,0.000,0,0
14438,144556,0.105,0.000,0.000,0,0
14439,144566,0.106,0.000,0.000,0,0
14440,144576,0.107,0.000,0.000,0,0
14441,144586,0.109,0.000,0.000,0,0
14442,144596,0.103,0.000,0.000,0,0
14443,144606,0.100,0.000,0.000,0,0
14444,144616,0.104,0.000,0.000,0,0
14445,144626,0.102,0.000,0.000,0,0
14446,144636,0.102,0.000,0.000,0,0
14447,144646,0.107,0.000,0.000,0,0
14448,144656,0.103,0.000,0.000,0,0
14449,144666,0.105,0.000,0.000,0,0
14450,144676,0.106,0.000,0.000,0,0
14451,144686,0.111,0.000,0.000,0,0
14452,144696,0.115,0.000,0.000,0,0
14453,144706,0.123,0.000,0.000,0,0
14454,144716,0.123,0.000,0.000,0,0
14455,144726,0.124,0.000,0.000,0,0
14456,144736,0.123,0.000,0.000,0,0
14457,144746,0.127,0.000,0.000,0,0
14458,144756,0.126,0.000,0.000,0,0
14459,144766,0.124,0.000,0.000,0,0
14460,144776,0.118,0.000,0.000,0,0
14461,144786,0.118,0.000,0.000,0,0
14462,144796,0.118,0.000,0.000,0,0
14463,144806,0.115,0.000,0.000,0,0
14464,144816,0.112,0.000,0.000,0,0
14465,144826,0.110,0.000,0.000,0,0
14466,144836,0.113,0.000,0.000,0,0
14467,144846,0.116,0.000,0.000,0,0
14468,144856,0.117,0.000,0.000,0,0
14469,144866,0.118,0.000,0.000,0,0
14470,144876,0.116,0.000,0.000,0,0
14471,144886,0.117,0.000,0.000,0,0
14472,144896,0.120,0.000,0.000,0,0
14473,144906,0.117,0.000,0.000,0,0
14474,144916,0.117,0.000,0.000,0,0
14475,144926,0.113,0.000,0.000,0,0
14476,144936,0.112,0.000,0.000,0,0
14477,144946,0.112,0.000,0.000,0,0
14478,144956,0.113,0.000,0.000,0,0
14479,144966,0.109,0.000,0.000,0,0
14480,144976,0.110,0.000,0.000,0,0
14481,144986,0.110,0.000,0.000,0,0
14482,144996,0.107,0.000,0.000,0,0
14483,145006,0.103,0.000,0.000,0,0
14484,145016,0.104,0.000,0.000,0,0
14485,145026,0.102,0.000,0.000,0,0
14486,145036,0.101,0.000,0.000,0,0
14487,145046,0.103,0.000,0.000,0,0
14488,145056,0.106,0.000,0.000,0,0
14489,145066,0.114,0.000,0.000,0,0
14490,145076,0.112,0.000,0.000,0,0
14491,145086,0.108,0.000,0.000,0,0
14492,145096,0.119,0.000,0.000,0,0
14493,145106,0.116,0.000,0.000,0,0
14494,145116,0.116,0.000,0.000,0,0
14495,145126,0.116,0.000,0.000,0,0
14496,145136,0.112,0.000,0.000,0,0
14497,145146,0.110,0.000,0.000,0,0
14498,145156,0.108,0.000,0.000,0,0
14499,145166,0.108,0.000,0.000,0,0
14500,145176,0.106,0.000,0.000,0,0
14501,145186,0.106,0.000,0.000,0,0
14502,145196,0.110,0.000,0.000,0,0
14503,145206,0.107,0.000,0.000,0,0
14504,145216,0.114,0.000,0.000,0,0
14505,145226,0.114,0.000,0.000,0,0
14506,145236,0.117,0.000,0.000,0,0
14507,145246,0.111,0.000,0.000,0,0
14508,145256,0.108,0.000,0.000,0,0
14509,145266,0.103,0.000,0.000,0,0
14510,145276,0.101,0.000,0.000,0,0
14511,145286,0.101,0.000,0.000,0,0
14512,145296,0.106,0.000,0.000,0,0
14513,145306,0.102,0.000,0.000,0,0
14514,145316,0.101,0.000,0.000,0,0
14515,145326,0.100,0.000,0.000,0,0
14516,145336,0.095,0.000,0.000,0,0
14517,145346,0.095,0.000,0.000,0,0
14518,145356,0.104,0.000,0.000,0,0
14519,145366,0.104,0.000,0.000,0,0
14520,145376,0.103,0.000,0.000,0,0
14521,145386,0.102,0.000,0.000,0,0
14522,145396,0.105,0.000,0.000,0,0
14523,145406,0.103,0.000,0.000,0,0
14524,145416,0.104,0.000,0.000,0,0
14525,145426,0.101,0.000,0.000,0,0
14526,145436,0.100,0.000,0.000,0,0
14527,145446,0.100,0.000,0.000,0,0
14528,145456,0.094,0.000,0.000,0,0
14529,145466,0.094,0.000,0.000,0,0
14530,145476,0.090,0.000,0.000,0,0
14531,145486,0.085,0.000,0.000,0,0
14532,145496,0.085,0.000,0.000,0,0
14533,145506,0.091,0.000,0.000,0,0
14534,145516,0.089,0.000,0.000,0,0
14535,145526,0.085,0.000,0.000,0,0
14536,145536,0.085,0.000,0.000,0,0
14537,145546,0.082,0.000,0.000,0,0
14538,145556,0.083,0.000,0.000,0,0
14539,145566,0.085,0.000,0.000,0,0
14540,145576,0.090,0.000,0.000,0,0
14541,145586,0.084,0.000,0.000,0,0
14542,145596,0.083,0.000,0.000,0,0
14543,145606,0.077,0.000,0.000,0,0
14544,145616,0.073,0.000,0.000,0,0
14545,145626,0.076,0.000,0.000,0,0
14546,145636,0.076,0.000,0.000,0,0
14547,145646,0.076,0.000,0.000,0,0
14548,145656,0.078,0.000,0.000,0,0
14549,145666,0.078,0.000,0.000,0,0
14550,145676,0.076,0.000,0.000,0,0
14551,145686,0.076,0.000,0.000,0,0
14552,145696,0.075,0.000,0.000,0,0
14553,145706,0.076,0.000,0.000,0,0
14554,145716,0.072,0.000,0.000,0,0
14555,145726,0.071,0.000,0.000,0,0
14556,145736,0.073,0.000,0.000,0,0
14557,145746,0.076,0.000,0.000,0,0
14558,145756,0.074,0.000,0.000,0,0
14559,145766,0.069,0.000,0.000,0,0
14560,145776,0.071,0.000,0.000,0,0
14561,145786,0.069,0.000,0.000,0,0
14562,145796,0.069,0.000,0.000,0,0
14563,145806,0.073,0.000,0.000,0,0
14564,145816,0.078,0.000,0.000,0,0
14565,145826,0.082,0.000,0.000,0,0
14566,145836,0.081,0.000,0.000,0,0
14567,145846,0.090,0.000,0.000,0,0
14568,145856,0.088,0.000,0.000,0,0
14569,145866,0.088,0.000,0.000,0,0
14570,145876,0.085,0.000,0.000,0,0
14571,145886,0.083,0.000,0.000,0,0
14572,145896,0.087,0.000,0.000,0,0
14573,145906,0.089,0.000,0.000,0,0
14574,145916,0.085,0.000,0.000,0,0
14575,145926,0.088,0.000,0.000,0,0
14576,145936,0.090,0.000,0.000,0,0
14577,145946,0.086,0.000,0.000,0,0
14578,145956,0.081,0.000,0.000,0,0
14579,145966,0.079,0.000,0.000,0,0
14580,145976,0.078,0.000,0.000,0,0
14581,145986,0.082,0.000,0.000,0,0
14582,145996,0.075,0.000,0.000,0,0
14583,146006,0.076,0.000,0.000,0,0
14584,146016,0.079,0.000,0.000,0,0
14585,146026,0.078,0.000,0.000,0,0
14586,146036,0.080,0.000,0.000,0,0
14587,146046,0.077,0.000,0.000,0,0
14588,146056,0.079,0.000,0.000,0,0
14589,146066,0.073,0.000,0.000,0,0
14590,146076,0.075,0.000,0.000,0,0
14591,146086,0.078,0.000,0.000,0,0
14592,146096,0.080,0.000,0.000,0,0
14593,146106,0.078,0.000,0.000,0,0
14594,146116,0.077,0.000,0.000,0,0
14595,146126,0.079,0.000,0.000,0,0
14596,146136,0.076,0.000,0.000,0,0
14597,146146,0.079,0.000,0.000,0,0
14598,146156,0.080,0.000,0.000,0,0
14599,146166,0.081,0.000,0.000,0,0
14600,146176,0.074,0.000,0.000,0,0
14601,146186,0.078,0.000,0.000,0,0
14602,146196,0.078,0.000,0.000,0,0
14603,146206,0.079,0.000,0.000,0,0
14604,146216,0.077,0.000,0.000,0,0
14605,146226,0.080,0.000,0.000,0,0
14606,146236,0.081,0.000,0.000,0,0
14607,146246,0.081,0.000,0.000,0,0
14608,146256,0.079,0.000,0.000,0,0
14609,146266,0.082,0.000,0.000,0,0
14610,146276,0.080,0.000,0.000,0,0
14611,146286,0.079,0.000,0.000,0,0
14612,146296,0.073,0.000,0.000,0,0
14613,146306,0.064,0.000,0.000,0,0
14614,146316,0.064,0.000,0.000,0,0
14615,146326,0.065,0.000,0.000,0,0
14616,146336,0.067,0.000,0.000,0,0
14617,146346,0.070,0.000,0.000,0,0
14618,146356,0.070,0.000,0.000,0,0
14619,146366,0.070,0.000,0.000,0,0
14620,146376,0.075,0.000,0.000,0,0
14621,146386,0.074,0.000,0.000,0,0
14622,146396,0.074,0.000,0.000,0,0
14623,146406,0.080,0.000,0.000,0,0
14624,146416,0.079,0.000,0.000,0,0
14625,146426,0.078,0.000,0.000,0,0
14626,146436,0.078,0.000,0.000,0,0
14627,146446,0.072,0.000,0.000,0,0
14628,146456,0.073,0.000,0.000,0,0
14629,146466,0.068,0.000,0.000,0,0
14630,146476,0.070,0.000,0.000,0,0
14631,146486,0.070,0.000,0.000,0,0
14632,146496,0.067,0.000,0.000,0,0
14633,146506,0.072,0.000,0.000,0,0
14634,146516,0.071,0.000,0.000,0,0
14635,146526,0.069,0.000,0.000,0,0
14636,146536,0.071,0.000,0.000,0,0
14637,146546,0.079,0.000,0.000,0,0
14638,146556,0.083,0.000,0.000,0,0
14639,146566,0.082,0.000,0.000,0,0
14640,146576,0.082,0.000,0.000,0,0
14641,146586,0.083,0.000,0.000,0,0
14642,146596,0.086,0.000,0.000,0,0
14643,146606,0.093,0.000,0.000,0,0
14644,146616,0.092,0.000,0.000,0,0
14645,146626,0.094,0.000,0.000,0,0
14646,146636,0.094,0.000,0.000,0,0
14647,146646,0.090,0.000,0.000,0,0
14648,146656,0.092,0.000,0.000,0,0
14649,146666,0.088,0.000,0.000,0,0
14650,146676,0.084,0.000,0.000,0,0
14651,146686,0.083,0.000,0.000,0,0
14652,146696,0.084,0.000,0.000,0,0
14653,146706,0.085,0.000,0.000,0,0
14654,146716,0.085,0.000,0.000,0,0
14655,146726,0.085,0.000,0.000,0,0
14656,146736,0.088,0.000,0.000,0,0
14657,146746,0.090,0.000,0.000,0,0
14658,146756,0.094,0.000,0.000,0,0
14659,146766,0.097,0.000,0.000,0,0
14660,146776,0.091,0.000,0.000,0,0
14661,146786,0.092,0.000,0.000,0,0
14662,146796,0.092,0.000,0.000,0,0
14663,146806,0.090,0.000,0.000,0,0
14664,146816,0.093,0.000,0.000,0,0
14665,146826,0.091,0.000,0.000,0,0
14666,146836,0.090,0.000,0.000,0,0
14667,146846,0.084,0.000,0.000,0,0
14668,146856,0.083,0.000,0.000,0,0
14669,146866,0.088,0.000,0.000,0,0
14670,146876,0.090,0.000,0.000,0,0
14671,146886,0.087,0.000,0.000,0,0
14672,146896,0.085,0.000,0.000,0,0
14673,146906,0.082,0.000,0.000,0,0
14674,146916,0.085,0.000,0.000,0,0
14675,146926,0.085,0.000,0.000,0,0
14676,146936,0.084,0.000,0.000,0,0
14677,146946,0.080,0.000,0.000,0,0
14678,146956,0.078,0.000,0.000,0,0
14679,146966,0.076,0.000,0.000,0,0
14680,146976,0.077,0.000,0.000,0,0
14681,146986,0.074,0.000,0.000,0,0
14682,146996,0.076,0.000,0.000,0,0
14683,147006,0.078,0.000,0.000,0,0
14684,147016,0.082,0.000,0.000,0,0
14685,147026,0.085,0.000,0.000,0,0
14686,147036,0.085,0.000,0.000,0,0
14687,147046,0.085,0.000,0.000,0,0
14688,147056,0.089,0.000,0.000,0,0
14689,147066,0.082,0.000,0.000,0,0
14690,147076,0.084,0.000,0.000,0,0
14691,147086,0.080,0.000,0.000,0,0
14692,147096,0.079,0.000,0.000,0,0
14693,147106,0.086,0.000,0.000,0,0
14694,147116,0.083,0.000,0.000,0,0
14695,147126,0.082,0.000,0.000,0,0
14696,147136,0.083,0.000,0.000,0,0
14697,147146,0.086,0.000,0.000,0,0
14698,147156,0.088,0.000,0.000,0,0
14699,147166,0.086,0.000,0.000,0,0
14700,147176,0.089,0.000,0.000,0,0
14701,147186,0.095,0.000,0.000,0,0
14702,147196,0.093,0.000,0.000,0,0
14703,147206,0.091,0.000,0.000,0,0
14704,147216,0.085,0.000,0.000,0,0
14705,147226,0.080,0.000,0.000,0,0
14706,147236,0.081,0.000,0.000,0,0
14707,147246,0.078,0.000,0.000,0,0
14708,147256,0.079,0.000,0.000,0,0
14709,147266,0.083,0.000,0.000,0,0
14710,147276,0.080,0.000,0.000,0,0
14711,147286,0.079,0.000,0.000,0,0
14712,147296,0.075,0.000,0.000,0,0
14713,147306,0.079,0.000,0.000,0,0
14714,147316,0.074,0.000,0.000,0,0
14715,147326,0.077,0.000,0.000,0,0
14716,147336,0.079,0.000,0.000,0,0
14717,147346,0.075,0.000,0.000,0,0
14718,147356,0.077,0.000,0.000,0,0
14719,147366,0.078,0.000,0.000,0,0
14720,147376,0.082,0.000,0.000,0,0
14721,147386,0.079,0.000,0.000,0,0
14722,147396,0.076,0.000,0.000,0,0
14723,147406,0.074,0.000,0.000,0,0
14724,147416,0.076,0.000,0.000,0,0
14725,147426,0.077,0.000,0.000,0,0
14726,147436,0.082,0.000,0.000,0,0
14727,147446,0.076,0.000,0.000,0,0
14728,147456,0.074,0.000,0.000,0,0
14729,147466,0.070,0.000,0.000,0,0
14730,147476,0.066,0.000,0.000,0,0
14731,147486,0.063,0.000,0.000,0,0
14732,147496,0.067,0.000,0.000,0,0
14733,147506,0.068,0.000,0.000,0,0
14734,147516,0.070,0.000,0.000,0,0
14735,147526,0.070,0.000,0.000,0,0
14736,147536,0.069,0.000,0.000,0,0
14737,147546,0.070,0.000,0.000,0,0
14738,147556,0.076,0.000,0.000,0,0
14739,147566,0.077,0.000,0.000,0,0
14740,147576,0.082,0.000,0.000,0,0
14741,147586,0.083,0.000,0.000,0,0
14742,147596,0.083,0.000,0.000,0,0
14743,147606,0.084,0.000,0.000,0,0
14744,147616,0.080,0.000,0.000,0,0
14745,147626,0.074,0.000,0.000,0,0
14746,147636,0.070,0.000,0.000,0,0
14747,147646,0.064,0.000,0.000,0,0
14748,147656,0.065,0.000,0.000,0,0
14749,147666,0.068,0.000,0.000,0,0
14750,147676,0.068,0.000,0.000,0,0
14751,147686,0.064,0.000,0.000,0,0
14752,147696,0.064,0.000,0.000,0,0
14753,147706,0.065,0.000,0.000,0,0
14754,147716,0.071,0.000,0.000,0,0
14755,147726,0.071,0.000,0.000,0,0
14756,147736,0.074,0.000,0.000,0,0
14757,147746,0.068,0.000,0.000,0,0
14758,147756,0.071,0.000,0.000,0,0
14759,147766,0.070,0.000,0.000,0,0
14760,147776,0.065,0.000,0.000,0,0
14761,147786,0.066,0.000,0.000,0,0
14762,147796,0.062,0.000,0.000,0,0
14763,147806,0.062,0.000,0.000,0,0
14764,147816,0.060,0.000,0.000,0,0
14765,147826,0.067,0.000,0.000,0,0
14766,147836,0.066,0.000,0.000,0,0
14767,147846,0.068,0.000,0.000,0,0
14768,147856,0.066,0.000,0.000,0,0
14769,147866,0.071,0.000,0.000,0,0
14770,147876,0.075,0.000,0.000,0,0
14771,147886,0.075,0.000,0.000,0,0
14772,147896,0.070,0.000,0.000,0,0
14773,147906,0.070,0.000,0.000,0,0
14774,147916,0.069,0.000,0.000,0,0
14775,147926,0.068,0.000,0.000,0,0
14776,147936,0.073,0.000,0.000,0,0
14777,147946,0.076,0.000,0.000,0,0
14778,147956,0.074,0.000,0.000,0,0
14779,147966,0.081,0.000,0.000,0,0
14780,147976,0.079,0.000,0.000,0,0
14781,147986,0.075,0.000,0.000,0,0
14782,147996,0.073,0.000,0.000,0,0
14783,148006,0.072,0.000,0.000,0,0
14784,148016,0.065,0.000,0.000,0,0
14785,148026,0.063,0.000,0.000,0,0
14786,148036,0.062,0.000,0.000,0,0
14787,148046,0.060,0.000,0.000,0,0
14788,148056,0.065,0.000,0.000,0,0
14789,148066,0.065,0.000,0.000,0,0
14790,148076,0.070,0.000,0.000,0,0
14791,148086,0.072,0.000,0.000,0,0
14792,148096,0.071,0.000,0.000,0,0
14793,148106,0.068,0.000,0.000,0,0
14794,148116,0.063,0.000,0.000,0,0
14795,148126,0.062,0.000,0.000,0,0
14796,148136,0.066,0.000,0.000,0,0
14797,148146,0.065,0.000,0.000,0,0
14798,148156,0.065,0.000,0.000,0,0
14799,148166,0.069,0.000,0.000,0,0
14800,148176,0.064,0.000,0.000,0,0
14801,148186,0.065,0.000,0.000,0,0
14802,148196,0.069,0.000,0.000,0,0
14803,148206,0.071,0.000,0.000,0,0
14804,148216,0.063,0.000,0.000,0,0
14805,148226,0.066,0.000,0.000,0,0
14806,148236,0.061,0.000,0.000,0,0
14807,148246,0.059,0.000,0.000,0,0
14808,148256,0.057,0.000,0.000,0,0
14809,148266,0.056,0.000,0.000,0,0
14810,148276,0.057,0.000,0.000,0,0
14811,148286,0.054,0.000,0.000,0,0
14812,148296,0.058,0.000,0.000,0,0
14813,148306,0.060,0.000,0.000,0,0
14814,148316,0.053,0.000,0.000,0,0
14815,148326,0.050,0.000,0.000,0,0
14816,148336,0.049,0.000,0.000,0,0
14817,148346,0.055,0.000,0.000,0,0
14818,148356,0.058,0.000,0.000,0,0
14819,148366,0.056,0.000,0.000,0,0
14820,148376,0.056,0.000,0.000,0,0
14821,148386,0.056,0.000,0.000,0,0
14822,148396,0.060,0.000,0.000,0,0
14823,148406,0.060,0.000,0.000,0,0
14824,148416,0.059,0.000,0.000,0,0
14825,148426,0.062,0.000,0.000,0,0
14826,148436,0.063,0.000,0.000,0,0
14827,148446,0.065,0.000,0.000,0,0
14828,148456,0.064,0.000,0.000,0,0
14829,148466,0.063,0.000,0.000,0,0
14830,148476,0.060,0.000,0.000,0,0
14831,148486,0.056,0.000,0.000,0,0
14832,148496,0.058,0.000,0.000,0,0
14833,148506,0.063,0.000,0.000,0,0
14834,148516,0.064,0.000,0.000,0,0
14835,148526,0.069,0.000,0.000,0,0
14836,148536,0.070,0.000,0.000,0,0
14837,148546,0.069,0.000,0.000,0,0
14838,148556,0.067,0.000,0.000,0,0
14839,148566,0.073,0.000,0.000,0,0
14840,148576,0.075,0.000,0.000,0,0
14841,148586,0.077,0.000,0.000,0,0
14842,148596,0.081,0.000,0.000,0,0
14843,148606,0.081,0.000,0.000,0,0
14844,148616,0.077,0.000,0.000,0,0
14845,148626,0.077,0.000,0.000,0,0
14846,148636,0.078,0.000,0.000,0,0
14847,148646,0.079,0.000,0.000,0,0
14848,148656,0.082,0.000,0.000,0,0
14849,148666,0.080,0.000,0.000,0,0
14850,148676,0.081,0.000,0.000,0,0
14851,148686,0.076,0.000,0.000,0,0
14852,148696,0.079,0.000,0.000,0,0
14853,148706,0.073,0.000,0.000,0,0
14854,148716,0.072,0.000,0.000,0,0
14855,148726,0.067,0.000,0.000,0,0
14856,148736,0.070,0.000,0.000,0,0
14857,148746,0.073,0.000,0.000,0,0
14858,148756,0.077,0.000,0.000,0,0
14859,148766,0.077,0.000,0.000,0,0
14860,148776,0.079,0.000,0.000,0,0
14861,148786,0.073,0.000,0.000,0,0
14862,148796,0.076,0.000,0.000,0,0
14863,148806,0.077,0.000,0.000,0,0
14864,148816,0.073,0.000,0.000,0,0
14865,148826,0.074,0.000,0.000,0,0
14866,148836,0.072,0.000,0.000,0,0
14867,148846,0.075,0.000,0.000,0,0
14868,148856,0.076,0.000,0.000,0,0
14869,148866,0.075,0.000,0.000,0,0
14870,148876,0.076,0.000,0.000,0,0
14871,148886,0.075,0.000,0.000,0,0
14872,148896,0.072,0.000,0.000,0,0
14873,148906,0.068,0.000,0.000,0,0
14874,148916,0.064,0.000,0.000,0,0
14875,148926,0.064,0.000,0.000,0,0
14876,148936,0.060,0.000,0.000,0,0
14877,148946,0.060,0.000,0.000,0,0
14878,148956,0.051,0.000,0.000,0,0
14879,148966,0.054,0.000,0.000,0,0
14880,148976,0.054,0.000,0.000,0,0
14881,148986,0.053,0.000,0.000,0,0
14882,148996,0.048,0.000,0.000,0,0
14883,149006,0.049,0.000,0.000,0,0
14884,149016,0.046,0.000,0.000,0,0
14885,149026,0.049,0.000,0.000,0,0
14886,149036,0.053,0.000,0.000,0,0
14887,149046,0.059,0.000,0.000,0,0
14888,149056,0.059,0.000,0.000,0,0
14889,149066,0.067,0.000,0.000,0,0
14890,149076,0.064,0.000,0.000,0,0
14891,149086,0.062,0.000,0.000,0,0
14892,149096,0.064,0.000,0.000,0,0
14893,149106,0.060,0.000,0.000,0,0
14894,149116,0.057,0.000,0.000,0,0
14895,149126,0.062,0.000,0.000,0,0
14896,149136,0.059,0.000,0.000,0,0
14897,149146,0.057,0.000,0.000,0,0
14898,149156,0.059,0.000,0.000,0,0
14899,149166,0.055,0.000,0.000,0,0
14900,149176,0.053,0.000,0.000,0,0
14901,149186,0.050,0.000,0.000,0,0
14902,149196,0.051,0.000,0.000,0,0
14903,149206,0.051,0.000,0.000,0,0
14904,149216,0.051,0.000,0.000,0,0
14905,149226,0.052,0.000,0.000,0,0
14906,149236,0.051,0.000,0.000,0,0
14907,149246,0.053,0.000,0.000,0,0
14908,149256,0.051,0.000,0.000,0,0
14909,149266,0.057,0.000,0.000,0,0
14910,149276,0.055,0.000,0.000,0,0
14911,149286,0.052,0.000,0.000,0,0
14912,149296,0.052,0.000,0.000,0,0
14913,149306,0.054,0.000,0.000,0,0
14914,149316,0.050,0.000,0.000,0,0
14915,149326,0.052,0.000,0.000,0,0
14916,149336,0.056,0.000,0.000,0,0
14917,149346,0.052,0.000,0.000,0,0
14918,149356,0.051,0.000,0.000,0,0
14919,149366,0.045,0.000,0.000,0,0
14920,149376,0.046,0.000,0.000,0,0
14921,149386,0.048,0.000,0.000,0,0
14922,149396,0.056,0.000,0.000,0,0
14923,149406,0.054,0.000,0.000,0,0
14924,149416,0.058,0.000,0.000,0,0
14925,149426,0.060,0.000,0.000,0,0
14926,149436,0.062,0.000,0.000,0,0
14927,149446,0.061,0.000,0.000,0,0
14928,149456,0.064,0.000,0.000,0,0
14929,149466,0.069,0.000,0.000,0,0
14930,149476,0.072,0.000,0.000,0,0
14931,149486,0.074,0.000,0.000,0,0
14932,149496,0.072,0.000,0.000,0,0
14933,149506,0.071,0.000,0.000,0,0
14934,149516,0.075,0.000,0.000,0,0
14935,149526,0.073,0.000,0.000,0,0
14936,149536,0.071,0.000,0.000,0,0
14937,149546,0.069,0.000,0.000,0,0
14938,149556,0.076,0.000,0.000,0,0
14939,149566,0.080,0.000,0.000,0,0
14940,149576,0.083,0.000,0.000,0,0
14941,149586,0.082,0.000,0.000,0,0
14942,149596,0.077,0.000,0.000,0,0
14943,149606,0.079,0.000,0.000,0,0
14944,149616,0.081,0.000,0.000,0,0
14945,149626,0.085,0.000,0.000,0,0
14946,149636,0.088,0.000,0.000,0,0
14947,149646,0.081,0.000,0.000,0,0
14948,149656,0.078,0.000,0.000,0,0
14949,149666,0.077,0.000,0.000,0,0
14950,149676,0.076,0.000,0.000,0,0
14951,149686,0.080,0.000,0.000,0,0
14952,149696,0.075,0.000,0.000,0,0
14953,149706,0.075,0.000,0.000,0,0
14954,149716,0.072,0.000,0.000,0,0
14955,149726,0.076,0.000,0.000,0,0
14956,149736,0.078,0.000,0.000,0,0
14957,149746,0.073,0.000,0.000,0,0
14958,149756,0.075,0.000,0.000,0,0
14959,149766,0.068,0.000,0.000,0,0
14960,149776,0.064,0.000,0.000,0,0
14961,149786,0.064,0.000,0.000,0,0
14962,149796,0.068,0.000,0.000,0,0
14963,149806,0.073,0.000,0.000,0,0
14964,149816,0.075,0.000,0.000,0,0
14965,149826,0.070,0.000,0.000,0,0
14966,149836,0.075,0.000,0.000,0,0
14967,149846,0.070,0.000,0.000,0,0
14968,149856,0.070,0.000,0.000,0,0
14969,149866,0.069,0.000,0.000,0,0
14970,149876,0.061,0.000,0.000,0,0
14971,149886,0.061,0.000,0.000,0,0
14972,149896,0.063,0.000,0.000,0,0
14973,149906,0.062,0.000,0.000,0,0
14974,149916,0.058,0.000,0.000,0,0
14975,149926,0.059,0.000,0.000,0,0
14976,149936,0.056,0.000,0.000,0,0
14977,149946,0.063,0.000,0.000,0,0
14978,149956,0.060,0.000,0.000,0,0
14979,149966,0.057,0.000,0.000,0,0
14980,149976,0.056,0.000,0.000,0,0
14981,149986,0.058,0.000,0.000,0,0
14982,149996,0.055,0.000,0.000,0,0
14983,150006,0.056,0.000,0.000,0,0
14984,150016,0.055,0.000,0.000,0,0
14985,150026,0.053,0.000,0.000,0,0
14986,150036,0.057,0.000,0.000,0,0
14987,150046,0.051,0.000,0.000,0,0
14988,150056,0.058,0.000,0.000,0,0
14989,150066,0.060,0.000,0.000,0,0
14990,150076,0.062,0.000,0.000,0,0
14991,150086,0.057,0.000,0.000,0,0
14992,150096,0.055,0.000,0.000,0,0
14993,150106,0.053,0.000,0.000,0,0
14994,150116,0.062,0.000,0.000,0,0
14995,150126,0.059,0.000,0.000,0,0
14996,150136,0.062,0.000,0.000,0,0
14997,150146,0.066,0.000,0.000,0,0
14998,150156,0.066,0.000,0.000,0,0
14999,150166,0.072,0.000,0.000,0,0
15000,150176,0.074,0.000,0.000,255,255
15001,150186,0.024,-500.050,600.060,255,255
15002,150196,0.428,-1698.981,1698.981,255,255
15003,150206,0.538,-2603.124,2603.124,255,255
15004,150216,0.428,-3197.762,3197.762,255,255
15005,150226,0.616,-3600.360,3600.360,255,255
15006,150236,0.520,-3998.401,3998.401,255,255
15007,150246,0.655,-4202.942,4202.942,255,255
15008,150256,0.681,-4398.681,4498.650,255,255
15009,150266,0.489,-4601.841,4601.841,255,255
15010,150276,1.026,-4596.323,4696.243,255,255
15011,150286,0.632,-4805.286,4805.286,255,255
15012,150296,0.976,-4794.726,4894.616,255,255
15013,150306,0.767,-4900.000,5000.000,255,255
15014,150316,1.197,-4900.490,5000.500,255,255
15015,150326,1.233,-5002.001,5102.041,255,255
15016,150336,1.520,-4998.001,5097.961,255,255
15017,150346,1.294,-5003.502,5103.573,255,255
15018,150356,1.173,-4994.007,5193.768,255,255
15019,150366,0.925,-5103.573,5203.643,255,255
15020,150376,1.113,-5100.000,5200.000,255,255
15021,150386,1.067,-5003.502,5203.643,255,255
15022,150396,1.463,-5095.414,5195.324,255,255
15023,150406,1.478,-5103.062,5203.122,255,255
15024,150416,1.165,-5098.980,5298.940,255,255
15025,150426,1.242,-5200.000,5300.000,255,255
15026,150436,0.872,-5097.451,5197.401,255,255
15027,150446,0.926,-5105.105,5305.305,255,255
15028,150456,1.365,-5096.942,5296.822,255,255
15029,150466,1.077,-5205.205,5305.305,255,255
15030,150476,1.130,-5094.396,5294.177,255,255
15031,150486,1.010,-5102.041,5302.121,255,255
15032,150496,0.790,-5193.768,5293.647,255,255
15033,150506,1.265,-5107.662,5307.962,255,255
15034,150516,1.034,-5193.768,5293.647,255,255
15035,150526,0.804,-5105.616,5305.836,255,255
15036,150536,1.050,-5195.843,5295.764,255,255
15037,150546,0.939,-5102.551,5402.701,255,255
15038,150556,1.046,-5196.882,5296.822,255,255
15039,150566,1.007,-5100.510,5300.530,255,255
15040,150576,0.996,-5197.921,5297.881,255,255
15041,150586,1.037,-5107.150,5307.430,255,255
15042,150596,1.113,-5194.805,5394.605,255,255
15043,150606,1.219,-5201.561,5301.590,255,255
15044,150616,0.927,-5100.000,5300.000,255,255
15045,150626,1.184,-5198.441,5298.411,255,255
15046,150636,1.171,-5095.923,5395.684,255,255
15047,150646,0.856,-5207.290,5307.430,255,255
15048,150656,1.086,-5098.471,5298.411,255,255
15049,150666,0.642,-5199.480,5299.470,255,255
15050,150676,0.476,-5200.000,5400.000,255,255
15051,150686,0.867,-5102.041,5302.121,255,255
15052,150696,0.501,-5196.882,5296.822,255,255
15053,150706,0.484,-5103.062,5403.242,255,255
15054,150716,0.467,-5197.921,5297.881,255,255
15055,150726,0.416,-5206.248,5306.368,255,255
15056,150736,0.689,-5093.887,5393.528,255,255
15057,150746,0.612,-5201.561,5301.590,255,255
15058,150756,0.598,-5097.961,5297.881,255,255
15059,150766,0.561,-5201.561,5401.621,255,255
15060,150776,0.726,-5200.000,5300.000,255,255
15061,150786,0.639,-5103.062,5303.182,255,255
15062,150796,0.351,-5194.805,5394.605,255,255
15063,150806,0.410,-5201.561,5301.590,255,255
15064,150816,0.680,-5097.451,5297.351,255,255
15065,150826,0.338,-5203.643,5403.783,255,255
15066,150836,0.638,-5197.401,5297.351,255,255
15067,150846,0.746,-5103.062,5303.182,255,255
15068,150856,0.519,-5197.401,5397.301,255,255
15069,150866,0.802,-5203.643,5303.712,255,255
15070,150876,0.595,-5094.905,5394.605,255,255
15071,150886,0.576,-5204.684,5304.774,255,255
15072,150896,0.876,-5195.324,5395.145,255,255
15073,150906,0.837,-5103.573,5303.712,255,255
15074,150916,0.579,-5196.882,5296.822,255,255
15075,150926,0.488,-5202.081,5402.161,255,255
15076,150936,0.520,-5196.363,5296.293,255,255
15077,150946,0.504,-5102.551,5402.701,255,255
15078,150956,0.448,-5201.040,5301.060,255,255
15079,150966,0.461,-5199.480,5299.470,255,255
15080,150976,0.345,-5100.000,5400.000,255,255
15081,150986,0.599,-5204.684,5304.774,255,255
15082,150996,0.718,-5195.843,5395.684,255,255
15083,151006,0.243,-5101.530,5301.590,255,255
15084,151016,0.321,-5196.882,5396.762,255,255
15085,151026,0.608,-5199.480,5299.470,255,255
15086,151036,0.214,-5100.510,5300.530,255,255
15087,151046,0.324,-5203.122,5403.242,255,255
15088,151056,0.250,-5195.843,5295.764,255,255
15089,151066,0.213,-5201.040,5401.080,255,255
15090,151076,0.653,-5097.961,5297.881,255,255
15091,151086,0.521,-5203.643,5403.783,255,255
15092,151096,0.213,-5197.401,5297.351,255,255
15093,151106,0.463,-5106.639,5306.899,255,255
15094,151116,0.499,-5196.882,5396.762,255,255
15095,151126,0.615,-5200.521,5300.530,255,255
15096,151136,0.688,-5096.433,5396.223,255,255
15097,151146,0.800,-5206.769,5306.899,255,255
15098,151156,0.896,-5192.730,5392.450,255,255
15099,151166,0.949,-5203.122,5303.182,255,255
15100,151176,1.182,-5098.980,5398.920,255,255
15101,151186,0.728,-5201.040,5301.060,255,255
15102,151196,0.806,-5198.441,5298.411,255,255
15103,151206,1.123,-5100.510,5400.541,255,255
15104,151216,0.727,-5201.561,5301.590,255,255
15105,151226,0.975,-5194.805,5394.605,255,255
15106,151236,0.990,-5198.960,5298.940,255,255
15107,151246,0.803,-5108.173,5408.654,255,255
15108,151256,1.048,-5197.401,5297.351,255,255
15109,151266,0.892,-5200.000,5400.000,255,255
15110,151276,0.643,-5099.490,5299.470,255,255
15111,151286,0.869,-5202.601,5302.651,255,255
15112,151296,0.894,-5195.324,5395.145,255,255
15113,151306,0.783,-5203.643,5303.712,255,255
15114,151316,0.798,-5195.324,5395.145,255,255
15115,151326,0.874,-5104.594,5304.774,255,255
15116,151336,0.977,-5197.921,5397.841,255,255
15117,151346,0.861,-5199.480,5299.470,255,255
15118,151356,0.862,-5198.441,5398.381,255,255
15119,151366,0.555,-5105.105,5305.305,255,255
15120,151376,0.808,-5196.363,5396.223,255,255
15121,151386,1.193,-5200.000,5300.000,255,255
15122,151396,0.726,-5198.960,5398.920,255,255
15123,151406,0.833,-5103.573,5303.712,255,255
15124,151416,1.109,-5197.401,5397.301,255,255
15125,151426,0.558,-5203.643,5303.712,255,255
15126,151436,0.764,-5192.212,5391.912,255,255
15127,151446,0.621,-5207.290,5307.430,255,255
15128,151456,0.282,-5095.923,5295.764,255,255
15129,151466,0.559,-5205.727,5405.947,255,255
15130,151476,0.434,-5194.287,5294.177,255,255
15131,151486,0.260,-5205.727,5405.947,255,255
15132,151496,0.113,-5195.324,5295.234,255,255
15133,151506,0.191,-5103.573,5403.783,255,255
15134,151516,0.174,-5196.363,5296.293,255,255
15135,151526,0.107,-5201.561,5401.621,255,255
15136,151536,0.283,-5198.960,5298.940,255,255
15137,151546,0.686,-5201.561,5401.621,255,255
15138,151556,0.406,-5196.882,5296.822,255,255
15139,151566,0.477,-5102.041,5402.161,255,255
15140,151576,0.661,-5196.882,5296.822,255,255
15141,151586,0.332,-5203.122,5403.242,255,255
15142,151596,0.496,-5199.480,5299.470,255,255
15143,151606,0.257,-5102.551,5402.701,255,255
15144,151616,0.216,-5195.843,5295.764,255,255
15145,151626,0.754,-5205.727,5405.947,255,255
15146,151636,0.723,-5193.768,5393.528,255,255
15147,151646,0.589,-5105.616,5305.836,255,255
15148,151656,0.749,-5195.324,5395.145,255,255
15149,151666,0.689,-5203.643,5303.712,255,255
15150,151676,0.845,-5193.249,5392.989,255,255
15151,151686,0.852,-5205.205,5305.305,255,255
15152,151696,0.929,-5097.451,5397.301,255,255
15153,151706,0.968,-5206.248,5306.368,255,255
15154,151716,0.986,-5197.401,5397.301,255,255
15155,151726,1.078,-5202.081,5302.121,255,255
15156,151736,0.773,-5195.324,5395.145,255,255
15157,151746,0.985,-5103.573,5303.712,255,255
15158,151756,1.368,-5197.401,5397.301,255,255
15159,151766,1.025,-5201.561,5301.590,255,255
15160,151776,1.319,-5194.287,5394.067,255,255
15161,151786,1.358,-5105.105,5305.305,255,255
15162,151796,1.156,-5195.324,5395.145,255,255
15163,151806,1.463,-5205.205,5305.305,255,255
15164,151816,1.388,-5196.363,5396.223,255,255
15165,151826,1.308,-5202.081,5402.161,255,255
15166,151836,1.526,-5198.960,5298.940,255,255
15167,151846,1.418,-5100.510,5400.541,255,255
15168,151856,1.254,-5198.441,5298.411,255,255
15169,151866,1.089,-5202.081,5402.161,255,255
15170,151876,1.243,-5200.521,5300.530,255,255
15171,151886,1.251,-5200.000,5400.000,255,255
15172,151896,1.085,-5200.000,5300.000,255,255
15173,151906,1.409,-5200.000,5400.000,255,255
15174,151916,1.223,-5200.521,5300.530,255,255
15175,151926,1.014,-5199.480,5399.460,255,255
15176,151936,1.195,-5196.363,5296.293,255,255
15177,151946,0.702,-5204.684,5404.864,255,255
15178,151956,0.743,-5198.441,5298.411,255,255
15179,151966,1.199,-5202.601,5402.701,255,255
15180,151976,0.903,-5196.363,5296.293,255,255
15181,151986,0.984,-5201.040,5401.080,255,255
15182,151996,1.213,-5198.960,5398.920,255,255
15183,152006,0.915,-5204.164,5304.244,255,255
15184,152016,0.976,-5194.805,5394.605,255,255
15185,152026,1.011,-5204.164,5304.244,255,255
15186,152036,0.827,-5197.401,5397.301,255,255
15187,152046,1.112,-5204.684,5304.774,255,255
15188,152056,0.952,-5193.249,5392.989,255,255
15189,152066,0.732,-5301.060,5301.060,255,255
15190,152076,0.930,-5198.441,5398.381,255,255
15191,152086,0.795,-5204.164,5304.244,255,255
15192,152096,0.640,-5194.287,5394.067,255,255
15193,152106,0.455,-5208.333,5308.494,255,255
15194,152116,0.553,-5194.805,5394.605,255,255
15195,152126,0.604,-5205.205,5305.305,255,255
15196,152136,0.403,-5194.805,5394.605,255,255
15197,152146,0.480,-5203.643,5303.712,255,255
15198,152156,0.363,-5192.212,5391.912,255,255
15199,152166,-0.002,-5207.812,5307.962,255,255
15200,152176,0.296,-5293.119,5392.989,255,255
15201,152186,0.017,-5203.643,5303.712,255,255
15202,152196,-0.142,-5196.363,5396.223,255,255
15203,152206,0.321,-5208.333,5308.494,255,255
15204,152216,0.049,-5194.805,5394.605,255,255
15205,152226,-0.025,-5203.643,5303.712,255,255
15206,152236,0.312,-5195.324,5395.145,255,255
15207,152246,-0.100,-5203.643,5303.712,255,255
15208,152256,-0.251,-5198.441,5398.381,255,255
15209,152266,0.005,-5201.040,5301.060,255,255
15210,152276,0.022,-5197.921,5397.841,255,255
15211,152286,-0.049,-5202.601,5402.701,255,255
15212,152296,0.025,-5196.882,5296.822,255,255
15213,152306,0.194,-5202.601,5402.701,255,255
15214,152316,0.201,-5199.480,5299.470,255,255
15215,152326,0.153,-5200.000,5400.000,255,255
15216,152336,0.381,-5198.441,5298.411,255,255
15217,152346,0.357,-5202.081,5402.161,255,255
15218,152356,0.114,-5199.480,5299.470,255,255
15219,152366,0.197,-5203.122,5403.242,255,255
15220,152376,-0.085,-5196.363,5296.293,255,255
15221,152386,0.076,-5200.521,5400.541,255,255
15222,152396,0.263,-5199.480,5299.470,255,255
15223,152406,-0.121,-5200.000,5400.000,255,255
15224,152416,-0.182,-5195.843,5295.764,255,255
15225,152426,0.025,-5106.639,5407.029,255,255
15226,152436,-0.234,-5197.401,5297.351,255,255
15227,152446,-0.131,-5201.040,5401.080,255,255
15228,152456,-0.317,-5196.882,5296.822,255,255
15229,152466,-0.419,-5203.643,5403.783,255,255
15230,152476,-0.162,-5197.921,5297.881,255,255
15231,152486,-0.151,-5200.521,5400.541,255,255
15232,152496,-0.331,-5198.441,5298.411,255,255
15233,152506,-0.286,-5203.643,5403.783,255,255
15234,152516,-0.190,-5196.363,5296.293,255,255
15235,152526,-0.197,-5198.960,5398.920,255,255
15236,152536,-0.283,-5192.730,5292.590,255,255
15237,152546,-0.222,-5210.421,5410.822,255,255
15238,152556,-0.171,-5200.000,5300.000,255,255
15239,152566,-0.308,-5198.441,5398.381,255,255
15240,152576,-0.198,-5201.040,5301.060,255,255
15241,152586,-0.370,-5202.081,5402.161,255,255
15242,152596,-0.457,-5195.843,5295.764,255,255
15243,152606,-0.134,-5200.521,5400.541,255,255
15244,152616,-0.530,-5200.521,5300.530,255,255
15245,152626,-0.600,-5201.040,5401.080,255,255
15246,152636,-0.180,-5198.960,5298.940,255,255
15247,152646,-0.479,-5201.040,5401.080,255,255
15248,152656,-0.445,-5195.843,5395.684,255,255
15249,152666,-0.435,-5206.248,5306.368,255,255
15250,152676,-0.573,-5197.401,5397.301,255,255
15251,152686,-0.382,-5200.521,5300.530,255,255
15252,152696,-0.476,-5195.843,5395.684,255,255
15253,152706,-0.615,-5209.377,5309.557,255,255
15254,152716,-0.278,-5192.730,5392.450,255,255
15255,152726,-0.212,-5205.727,5305.836,255,255
15256,152736,-0.325,-5193.249,5392.989,255,255
15257,152746,-0.464,-5204.164,5304.244,255,255
15258,152756,-0.368,-5195.324,5395.145,255,255
15259,152766,-0.401,-5200.521,5400.541,255,255
15260,152776,-0.648,-5300.000,5300.000,255,255
15261,152786,-0.466,-5203.122,5403.242,255,255
15262,152796,-0.292,-5201.040,5301.060,255,255
15263,152806,-0.460,-5195.324,5395.145,255,255
15264,152816,-0.092,-5202.601,5302.651,255,255
15265,152826,-0.170,-5202.601,5402.701,255,255
15266,152836,-0.256,-5197.921,5297.881,255,255
15267,152846,0.142,-5202.601,5402.701,255,255
15268,152856,-0.049,-5198.960,5298.940,255,255
15269,152866,-0.157,-5202.081,5402.161,255,255
15270,152876,0.231,-5194.287,5294.177,255,255
15271,152886,0.072,-5306.368,5406.488,255,255
15272,152896,0.040,-5191.693,5391.374,255,255
15273,152906,0.135,-5207.812,5307.962,255,255
15274,152916,0.134,-5195.324,5395.145,255,255
15275,152926,0.423,-5200.000,5300.000,255,255
15276,152936,0.384,-5198.960,5398.920,255,255
15277,152946,0.459,-5206.769,5306.899,255,255
15278,152956,0.747,-5196.363,5396.223,255,255
15279,152966,0.617,-5201.040,5301.060,255,255
15280,152976,0.618,-5197.921,5397.841,255,255
15281,152986,0.881,-5200.521,5400.541,255,255
15282,152996,0.682,-5199.480,5299.470,255,255
15283,153006,0.859,-5204.684,5404.864,255,255
15284,153016,0.744,-5296.293,5296.293,255,255
15285,153026,0.703,-5200.000,5400.000,255,255
15286,153036,1.046,-5198.960,5298.940,255,255
15287,153046,0.700,-5205.727,5405.947,255,255
15288,153056,0.818,-5194.805,5294.705,255,255
15289,153066,1.235,-5203.643,5403.783,255,255
15290,153076,0.795,-5195.324,5395.145,255,255
15291,153086,0.774,-5203.122,5303.182,255,255
15292,153096,0.897,-5195.843,5395.684,255,255
15293,153106,0.693,-5305.305,5305.305,255,255
15294,153116,0.998,-5192.212,5391.912,255,255
15295,153126,1.085,-5203.643,5303.712,255,255
15296,153136,1.033,-5198.960,5398.920,255,255
15297,153146,1.473,-5205.727,5305.836,255,255
15298,153156,1.322,-5197.921,5397.841,255,255
15299,153166,1.218,-5199.480,5399.460,255,255
15300,153176,1.168,-5197.921,5297.881,255,255
15301,153186,1.234,-5201.561,5401.621,255,255
15302,153196,1.170,-5301.590,5301.590,255,255
15303,153206,0.840,-5201.040,5401.080,255,255
15304,153216,1.075,-5192.212,5292.062,255,255
15305,153226,1.282,-5207.812,5408.112,255,255
15306,153236,1.065,-5192.730,5392.450,255,255
15307,153246,1.236,-5204.684,5304.774,255,255
15308,153256,1.259,-5198.960,5398.920,255,255
15309,153266,1.116,-5202.601,5302.651,255,255
15310,153276,1.391,-5196.882,5396.762,255,255
15311,153286,1.338,-5202.081,5302.121,255,255
15312,153296,1.171,-5293.647,5393.528,255,255
15313,153306,1.601,-5207.812,5307.962,255,255
15314,153316,1.488,-5197.921,5397.841,255,255
15315,153326,1.453,-5195.843,5395.684,255,255
15316,153336,1.672,-5203.122,5303.182,255,255
15317,153346,1.488,-5201.040,5401.080,255,255
15318,153356,1.496,-5200.521,5300.530,255,255
15319,153366,1.441,-5200.521,5400.541,255,255
15320,153376,1.527,-5197.921,5297.881,255,255
15321,153386,1.677,-5203.122,5403.242,255,255
15322,153396,1.626,-5195.843,5295.764,255,255
15323,153406,1.677,-5206.248,5406.488,255,255
15324,153416,1.626,-5293.647,5293.647,255,255
15325,153426,1.689,-5204.164,5404.324,255,255
15326,153436,1.795,-5194.287,5394.067,255,255
15327,153446,1.316,-5207.812,5307.962,255,255
15328,153456,1.418,-5194.287,5394.067,255,255
15329,153466,1.751,-5202.601,5302.651,255,255
15330,153476,1.359,-5199.480,5399.460,255,255
15331,153486,1.483,-5201.040,5301.060,255,255
15332,153496,1.603,-5294.177,5394.067,255,255
15333,153506,1.197,-5207.812,5307.962,255,255
15334,153516,1.261,-5194.287,5394.067,255,255
15335,153526,1.112,-5201.561,5401.621,255,255
15336,153536,0.931,-5199.480,5299.470,255,255
15337,153546,1.075,-5201.561,5401.621,255,255
15338,153556,0.924,-5196.882,5296.822,255,255
15339,153566,0.748,-5204.684,5404.864,255,255
15340,153576,0.936,-5197.921,5297.881,255,255
15341,153586,0.937,-5197.401,5397.301,255,255
15342,153596,0.712,-5200.521,5300.530,255,255
15343,153606,0.634,-5203.643,5403.783,255,255
15344,153616,0.813,-5293.647,5393.528,255,255
15345,153626,0.806,-5207.290,5307.430,255,255
15346,153636,0.706,-5194.805,5394.605,255,255
15347,153646,0.769,-5204.164,5304.244,255,255
15348,153656,0.622,-5197.921,5397.841,255,255
15349,153666,0.518,-5203.122,5303.182,255,255
15350,153676,0.578,-5195.324,5395.145,255,255
15351,153686,0.280,-5204.164,5304.244,255,255
15352,153696,0.337,-5194.287,5394.067,255,255
15353,153706,0.703,-5203.643,5403.783,255,255
15354,153716,0.578,-5197.921,5297.881,255,255
15355,153726,0.502,-5198.441,5398.381,255,255
15356,153736,0.952,-5199.480,5299.470,255,255
15357,153746,0.803,-5208.333,5408.654,255,255
15358,153756,0.431,-5194.805,5294.705,255,255
15359,153766,0.746,-5201.561,5401.621,255,255
15360,153776,0.596,-5196.882,5296.822,255,255
15361,153786,0.437,-5205.727,5405.947,255,255
15362,153796,0.360,-5195.843,5395.684,255,255
15363,153806,0.323,-5202.601,5302.651,255,255
15364,153816,0.349,-5193.768,5393.528,255,255
15365,153826,0.235,-5207.812,5307.962,255,255
15366,153836,0.234,-5193.768,5393.528,255,255
15367,153846,0.076,-5204.684,5304.774,255,255
15368,153856,-0.052,-5294.705,5394.605,255,255
15369,153866,0.064,-5203.643,5403.783,255,255
15370,153876,-0.310,-5193.768,5293.647,255,255
15371,153886,-0.238,-5207.812,5408.112,255,255
15372,153896,0.076,-5196.882,5296.822,255,255
15373,153906,-0.279,-5202.601,5402.701,255,255
15374,153916,-0.107,-5196.363,5396.223,255,255
15375,153926,0.237,-5202.601,5302.651,255,255
15376,153936,-0.130,-5297.351,5397.301,255,255
15377,153946,-0.018,-5203.643,5303.712,255,255
15378,153956,-0.098,-5199.480,5399.460,255,255
15379,153966,-0.456,-5200.000,5300.000,255,255
15380,153976,-0.231,-5197.401,5397.301,255,255
15381,153986,-0.363,-5205.205,5305.305,255,255
15382,153996,-0.599,-5196.363,5396.223,255,255
15383,154006,-0.361,-5298.411,5398.381,255,255
15384,154016,-0.351,-5200.000,5300.000,255,255
15385,154026,-0.565,-5203.122,5403.242,255,255
15386,154036,-0.561,-5198.441,5298.411,255,255
15387,154046,-0.550,-5201.561,5401.621,255,255
15388,154056,-0.643,-5194.287,5394.067,255,255
15389,154066,-0.843,-5306.368,5306.368,255,255
15390,154076,-0.644,-5193.249,5392.989,255,255
15391,154086,-0.667,-5206.769,5306.899,255,255
15392,154096,-0.933,-5196.882,5396.762,255,255
15393,154106,-0.809,-5204.164,5304.244,255,255
15394,154116,-0.972,-5195.324,5395.145,255,255
15395,154126,-1.287,-5203.643,5303.712,255,255
15396,154136,-1.000,-5297.881,5397.841,255,255
15397,154146,-1.076,-5192.730,5392.450,255,255
15398,154156,-1.181,-5206.769,5306.899,255,255
15399,154166,-0.748,-5201.561,5401.621,255,255
15400,154176,-1.004,-5197.921,5297.881,255,255
15401,154186,-0.892,-5204.164,5404.324,255,255
15402,154196,-0.445,-5195.843,5295.764,255,255
15403,154206,-0.690,-5302.651,5402.701,255,255
15404,154216,-0.619,-5195.843,5295.764,255,255
15405,154226,-0.505,-5207.290,5407.570,255,255
15406,154236,-0.545,-5191.175,5390.835,255,255
15407,154246,-0.086,-5206.248,5306.368,255,255
15408,154256,-0.170,-5197.401,5397.301,255,255
15409,154266,-0.180,-5204.164,5304.244,255,255
15410,154276,-0.122,-5193.768,5393.528,255,255
15411,154286,-0.195,-5305.836,5305.836,255,255
15412,154296,-0.069,-5195.843,5395.684,255,255
15413,154306,-0.426,-5204.684,5304.774,255,255
15414,154316,-0.232,-5193.768,5393.528,255,255
15415,154326,0.132,-5204.164,5404.324,255,255
15416,154336,-0.156,-5198.441,5298.411,255,255
15417,154346,0.051,-5201.561,5401.621,255,255
15418,154356,0.219,-5298.411,5298.411,255,255
15419,154366,-0.178,-5201.561,5401.621,255,255
15420,154376,0.088,-5197.401,5297.351,255,255
15421,154386,-0.108,-5203.122,5403.242,255,255
15422,154396,-0.228,-5195.843,5395.684,255,255
15423,154406,0.071,-5204.684,5304.774,255,255
15424,154416,-0.099,-5194.287,5394.067,255,255
15425,154426,-0.190,-5204.164,5304.244,255,255
15426,154436,0.153,-5293.647,5393.528,255,255
15427,154446,0.102,-5207.290,5307.430,255,255
15428,154456,-0.105,-5195.843,5395.684,255,255
15429,154466,0.100,-5206.248,5406.488,255,255
15430,154476,0.019,-5196.363,5296.293,255,255
15431,154486,-0.239,-5201.040,5401.080,255,255
15432,154496,-0.270,-5197.921,5297.881,255,255
15433,154506,-0.134,-5202.081,5402.161,255,255
15434,154516,-0.063,-5194.805,5394.605,255,255
15435,154526,-0.352,-5303.712,5303.712,255,255
15436,154536,-0.094,-5192.730,5392.450,255,255
15437,154546,0.158,-5209.377,5309.557,255,255
15438,154556,-0.097,-5194.287,5394.067,255,255
15439,154566,0.186,-5201.040,5401.080,255,255
15440,154576,0.069,-5203.122,5303.182,255,255
15441,154586,-0.212,-5202.081,5402.161,255,255
15442,154596,0.045,-5197.921,5297.881,255,255
15443,154606,-0.126,-5201.040,5401.080,255,255
15444,154616,-0.220,-5293.647,5393.528,255,255
15445,154626,0.200,-5206.248,5306.368,255,255
15446,154636,-0.012,-5196.363,5396.223,255,255
15447,154646,-0.073,-5205.205,5305.305,255,255
15448,154656,0.179,-5190.657,5390.297,255,255
15449,154666,0.071,-5207.290,5307.430,255,255
15450,154676,0.049,-5295.764,5395.684,255,255
15451,154686,0.042,-5204.164,5304.244,255,255
15452,154696,0.140,-5199.480,5399.460,255,255
15453,154706,0.310,-5203.122,5403.242,255,255
15454,154716,0.212,-5196.363,5296.293,255,255
15455,154726,0.282,-5202.601,5402.701,255,255
15456,154736,0.396,-5196.882,5296.822,255,255
15457,154746,0.319,-5202.081,5402.161,255,255
15458,154756,0.366,-5198.441,5298.411,255,255
15459,154766,0.012,-5296.822,5396.762,255,255
15460,154776,0.256,-5200.000,5300.000,255,255
15461,154786,0.677,-5204.164,5404.324,255,255
15462,154796,0.294,-5196.363,5296.293,255,255
15463,154806,0.376,-5206.769,5407.029,255,255
15464,154816,0.505,-5194.287,5394.067,255,255
15465,154826,0.243,-5205.205,5305.305,255,255
15466,154836,0.409,-5194.805,5394.605,255,255
15467,154846,0.184,-5204.164,5304.244,255,255
15468,154856,0.031,-5195.843,5395.684,255,255
15469,154866,0.494,-5303.712,5303.712,255,255
15470,154876,0.407,-5196.882,5396.762,255,255
15471,154886,0.200,-5198.960,5298.940,255,255
15472,154896,0.341,-5199.480,5399.460,255,255
15473,154906,0.395,-5205.205,5305.305,255,255
15474,154916,0.422,-5196.363,5396.223,255,255
15475,154926,0.358,-5202.601,5402.701,255,255
15476,154936,0.539,-5297.881,5297.881,255,255
15477,154946,0.493,-5203.643,5403.783,255,255
15478,154956,0.365,-5197.921,5297.881,255,255
15479,154966,0.325,-5200.521,5400.541,255,255
15480,154976,0.351,-5199.480,5299.470,255,255
15481,154986,0.108,-5202.081,5402.161,255,255
15482,154996,0.097,-5196.882,5296.822,255,255
15483,155006,-0.128,-5302.651,5402.701,255,255
15484,155016,-0.071,-5196.882,5296.822,255,255
15485,155026,0.296,-5201.040,5401.080,255,255
15486,155036,-0.156,-5198.441,5398.381,255,255
15487,155046,-0.310,-5204.164,5304.244,255,255
15488,155056,0.077,-5195.843,5395.684,255,255
15489,155066,-0.423,-5303.182,5303.182,255,255
15490,155076,-0.353,-5192.212,5391.912,255,255
15491,155086,-0.206,-5208.855,5309.025,255,255
15492,155096,-0.330,-5194.805,5394.605,255,255
15493,155106,-0.081,-5204.164,5304.244,255,255
15494,155116,-0.219,-5295.764,5395.684,255,255
15495,155126,-0.404,-5200.521,5400.541,255,255
15496,155136,-0.159,-5201.040,5301.060,255,255
15497,155146,-0.293,-5202.081,5402.161,255,255
15498,155156,-0.440,-5198.441,5298.411,255,255
15499,155166,-0.325,-5203.122,5403.242,255,255
15500,155176,-0.289,-5296.822,5296.822,255,255
15501,155186,-0.255,-5203.122,5403.242,255,255
15502,155196,-0.163,-5196.363,5396.223,255,255
15503,155206,-0.204,-5204.684,5304.774,255,255
15504,155216,-0.112,-5195.324,5395.145,255,255
15505,155226,-0.538,-5302.651,5302.651,255,255
15506,155236,-0.368,-5197.921,5397.841,255,255
15507,155246,-0.004,-5203.122,5303.182,255,255
15508,155256,-0.237,-5195.843,5395.684,255,255
15509,155266,-0.060,-5201.561,5301.590,255,255
15510,155276,0.155,-5199.480,5399.460,255,255
15511,155286,-0.064,-5202.081,5402.161,255,255
15512,155296,0.074,-5297.351,5297.351,255,255
15513,155306,0.015,-5197.401,5397.301,255,255
15514,155316,-0.181,-5201.040,5301.060,255,255
15515,155326,0.068,-5204.684,5404.864,255,255
15516,155336,-0.149,-5196.363,5296.293,255,255
15517,155346,-0.353,-5204.684,5404.864,255,255
15518,155356,-0.186,-5190.657,5390.297,255,255
15519,155366,-0.112,-5209.899,5310.089,255,255
15520,155376,-0.318,-5292.062,5391.912,255,255
15521,155386,-0.500,-5205.205,5305.305,255,255
15522,155396,-0.422,-5192.212,5391.912,255,255
15523,155406,-0.443,-5208.333,5308.494,255,255
15524,155416,-0.533,-5198.441,5398.381,255,255
15525,155426,-0.373,-5202.081,5302.121,255,255
15526,155436,-0.289,-5197.401,5397.301,255,255
15527,155446,-0.466,-5301.590,5401.621,255,255
15528,155456,-0.480,-5194.287,5294.177,255,255
15529,155466,-0.607,-5205.727,5405.947,255,255
15530,155476,-0.779,-5198.441,5298.411,255,255
15531,155486,-0.598,-5201.561,5401.621,255,255
15532,155496,-0.969,-5193.249,5392.989,255,255
15533,155506,-0.939,-5208.333,5308.494,255,255
15534,155516,-0.472,-5293.647,5393.528,255,255
15535,155526,-0.592,-5206.769,5306.899,255,255
15536,155536,-0.572,-5195.843,5395.684,255,255
15537,155546,-0.474,-5203.122,5303.182,255,255
15538,155556,-0.772,-5195.843,5395.684,255,255
15539,155566,-0.409,-5203.643,5403.783,255,255
15540,155576,-0.482,-5296.822,5296.822,255,255
15541,155586,-0.562,-5198.960,5398.920,255,255
15542,155596,-0.349,-5201.561,5301.590,255,255
15543,155606,-0.490,-5200.521,5400.541,255,255
15544,155616,-0.383,-5199.480,5399.460,255,255
15545,155626,-0.376,-5203.643,5303.712,255,255
15546,155636,-0.383,-5196.882,5396.762,255,255
15547,155646,-0.248,-5300.530,5300.530,255,255
15548,155656,-0.610,-5196.882,5396.762,255,255
15549,155666,-0.364,-5203.122,5403.242,255,255
15550,155676,-0.015,-5198.960,5298.940,255,255
15551,155686,-0.451,-5202.081,5402.161,255,255
15552,155696,-0.190,-5196.882,5296.822,255,255
15553,155706,-0.104,-5304.774,5404.864,255,255
15554,155716,-0.391,-5194.805,5394.605,255,255
15555,155726,-0.025,-5204.164,5304.244,255,255
15556,155736,-0.169,-5196.882,5396.762,255,255
15557,155746,-0.384,-5202.081,5302.121,255,255
15558,155756,-0.030,-5295.764,5395.684,255,255
15559,155766,-0.312,-5202.601,5402.701,255,255
15560,155776,-0.467,-5197.401,5297.351,255,255
15561,155786,-0.227,-5204.164,5404.324,255,255
15562,155796,-0.301,-5197.921,5397.841,255,255
15563,155806,-0.464,-5202.081,5302.121,255,255
15564,155816,-0.361,-5196.882,5396.762,255,255
15565,155826,-0.153,-5303.182,5303.182,255,255
15566,155836,-0.295,-5196.882,5396.762,255,255
15567,155846,-0.443,-5204.164,5404.324,255,255
15568,155856,-0.245,-5196.363,5296.293,255,255
15569,155866,-0.198,-5198.960,5398.920,255,255
15570,155876,-0.331,-5200.521,5300.530,255,255
15571,155886,-0.287,-5204.164,5404.324,255,255
15572,155896,-0.536,-5294.177,5394.067,255,255
15573,155906,-0.427,-5207.290,5307.430,255,255
15574,155916,-0.333,-5196.363,5396.223,255,255
15575,155926,-0.255,-5202.081,5302.121,255,255
15576,155936,-0.550,-5197.921,5397.841,255,255
15577,155946,-0.321,-5201.040,5401.080,255,255
15578,155956,-0.455,-5299.470,5299.470,255,255
15579,155966,-0.606,-5198.441,5398.381,255,255
15580,155976,-0.170,-5201.040,5301.060,255,255
15581,155986,-0.184,-5201.040,5401.080,255,255
15582,155996,-0.214,-5198.960,5398.920,255,255
15583,156006,0.060,-5202.601,5302.651,255,255
15584,156016,-0.115,-5296.822,5396.762,255,255
15585,156026,-0.289,-5203.643,5303.712,255,255
15586,156036,-0.304,-5194.287,5394.067,255,255
15587,156046,-0.205,-5204.684,5404.864,255,255
15588,156056,-0.012,-5196.882,5296.822,255,255
15589,156066,0.015,-5198.960,5398.920,255,255
15590,156076,0.220,-5201.561,5301.590,255,255
15591,156086,0.052,-5303.182,5403.242,255,255
15592,156096,-0.089,-5193.249,5392.989,255,255
15593,156106,0.081,-5205.727,5305.836,255,255
15594,156116,-0.400,-5200.000,5400.000,255,255
15595,156126,-0.348,-5203.122,5303.182,255,255
15596,156136,0.020,-5193.249,5392.989,255,255
15597,156146,-0.244,-5205.205,5305.305,255,255
15598,156156,-0.219,-5196.363,5396.223,255,255
15599,156166,0.061,-5302.121,5402.161,255,255
15600,156176,-0.315,-5197.921,5297.881,255,255
15601,156186,-0.293,-5200.521,5400.541,255,255
15602,156196,-0.319,-5200.521,5300.530,255,255
15603,156206,-0.695,-5200.521,5400.541,255,255
15604,156216,-0.644,-5200.000,5400.000,255,255
15605,156226,-0.759,-5201.561,5301.590,255,255
15606,156236,-1.152,-5195.324,5395.145,255,255
15607,156246,-0.975,-5206.769,5306.899,255,255
15608,156256,-0.992,-5291.005,5390.835,255,255
15609,156266,-1.215,-5206.769,5306.899,255,255
15610,156276,-1.241,-5194.805,5394.605,255,255
15611,156286,-1.051,-5207.290,5307.430,255,255
15612,156296,-1.088,-5195.324,5395.145,255,255
15613,156306,-1.234,-5201.040,5301.060,255,255
15614,156316,-0.942,-5197.401,5397.301,255,255
15615,156326,-0.896,-5204.684,5304.774,255,255
15616,156336,-0.983,-5295.234,5395.145,255,255
15617,156346,-0.614,-5205.727,5305.836,255,255
15618,156356,-0.827,-5192.730,5392.450,255,255
15619,156366,-0.763,-5206.248,5306.368,255,255
15620,156376,-0.268,-5195.843,5395.684,255,255
15621,156386,-0.668,-5203.122,5303.182,255,255
15622,156396,-0.677,-5197.401,5397.301,255,255
15623,156406,-0.277,-5203.122,5303.182,255,255
15624,156416,-0.581,-5196.363,5396.223,255,255
15625,156426,-0.574,-5202.081,5302.121,255,255
15626,156436,-0.357,-5196.363,5396.223,255,255
15627,156446,-0.435,-5205.205,5305.305,255,255
15628,156456,-0.339,-5196.882,5396.762,255,255
15629,156466,-0.405,-5201.040,5301.060,255,255
15630,156476,-0.372,-5297.351,5397.301,255,255
15631,156486,-0.076,-5204.164,5304.244,255,255
15632,156496,-0.154,-5196.882,5296.822,255,255
15633,156506,-0.333,-5201.561,5401.621,255,255
15634,156516,-0.384,-5195.324,5295.234,255,255
15635,156526,-0.227,-5206.769,5407.029,255,255
15636,156536,-0.009,-5193.768,5293.647,255,255
15637,156546,-0.377,-5202.601,5402.701,255,255
15638,156556,-0.108,-5202.601,5302.651,255,255
15639,156566,0.096,-5201.040,5401.080,255,255
15640,156576,-0.291,-5196.882,5296.822,255,255
15641,156586,-0.042,-5200.000,5400.000,255,255
15642,156596,-0.154,-5200.000,5300.000,255,255
15643,156606,-0.265,-5202.081,5402.161,255,255
15644,156616,0.118,-5298.940,5298.940,255,255
15645,156626,-0.257,-5200.521,5400.541,255,255
15646,156636,-0.217,-5197.401,5297.351,255,255
15647,156646,-0.141,-5204.684,5404.864,255,255
15648,156656,-0.232,-5195.324,5295.234,255,255
15649,156666,-0.395,-5201.561,5401.621,255,255
15650,156676,-0.039,-5198.960,5298.940,255,255
15651,156686,-0.144,-5201.561,5401.621,255,255
15652,156696,-0.411,-5198.960,5298.940,255,255
15653,156706,-0.276,-5200.000,5400.000,255,255
15654,156716,-0.224,-5300.000,5300.000,255,255
15655,156726,-0.479,-5201.561,5301.590,255,255
15656,156736,-0.585,-5195.324,5395.145,255,255
15657,156746,-0.289,-5204.684,5304.774,255,255
15658,156756,-0.090,-5197.401,5397.301,255,255
15659,156766,-0.239,-5201.561,5301.590,255,255
15660,156776,-0.054,-5197.921,5397.841,255,255
15661,156786,-0.081,-5203.643,5303.712,255,255
15662,156796,0.027,-5198.441,5398.381,255,255
15663,156806,0.279,-5302.651,5302.651,255,255
15664,156816,0.088,-5197.401,5397.301,255,255
15665,156826,0.226,-5201.561,5301.590,255,255
15666,156836,0.542,-5190.657,5390.297,255,255
15667,156846,0.097,-5209.377,5309.557,255,255
15668,156856,0.164,-5196.882,5396.762,255,255
15669,156866,0.492,-5203.122,5303.182,255,255
15670,156876,0.139,-5197.921,5397.841,255,255
15671,156886,0.087,-5202.601,5302.651,255,255
15672,156896,0.075,-5292.062,5391.912,255,255
15673,156906,-0.142,-5208.333,5308.494,255,255
15674,156916,0.188,-5195.324,5395.145,255,255
15675,156926,0.122,-5205.727,5305.836,255,255
15676,156936,-0.069,-5194.805,5394.605,255,255
15677,156946,0.156,-5203.643,5303.712,255,255
15678,156956,-0.015,-5198.441,5398.381,255,255
15679,156966,-0.199,-5301.060,5301.060,255,255
15680,156976,-0.358,-5195.324,5395.145,255,255
15681,156986,-0.320,-5206.248,5306.368,255,255
15682,156996,-0.156,-5196.363,5396.223,255,255
15683,157006,-0.362,-5204.164,5304.244,255,255
15684,157016,-0.187,-5194.805,5394.605,255,255
15685,157026,-0.098,-5204.684,5304.774,255,255
15686,157036,-0.304,-5194.805,5394.605,255,255
15687,157046,-0.017,-5204.684,5304.774,255,255
15688,157056,-0.127,-5295.764,5395.684,255,255
15689,157066,-0.226,-5204.164,5304.244,255,255
15690,157076,0.276,-5195.324,5395.145,255,255
15691,157086,0.058,-5204.684,5304.774,255,255
15692,157096,0.003,-5196.363,5396.223,255,255
15693,157106,0.256,-5203.122,5303.182,255,255
15694,157116,-0.016,-5195.843,5395.684,255,255
15695,157126,-0.046,-5203.122,5303.182,255,255
15696,157136,-0.000,-5297.351,5397.301,255,255
15697,157146,-0.152,-5204.164,5304.244,255,255
15698,157156,0.069,-5196.882,5396.762,255,255
15699,157166,-0.188,-5201.040,5301.060,255,255
15700,157176,-0.350,-5197.921,5397.841,255,255
15701,157186,-0.046,-5202.081,5302.121,255,255
15702,157196,-0.430,-5198.960,5298.940,255,255
15703,157206,-0.536,-5201.040,5401.080,255,255
15704,157216,-0.581,-5198.441,5398.381,255,255
15705,157226,-0.398,-5204.684,5304.774,255,255
15706,157236,-0.136,-5196.882,5296.822,255,255
15707,157246,-0.465,-5302.651,5402.701,255,255
15708,157256,-0.243,-5194.805,5294.705,255,255
15709,157266,-0.041,-5203.643,5403.783,255,255
15710,157276,-0.420,-5195.843,5295.764,255,255
15711,157286,-0.193,-5204.684,5404.864,255,255
15712,157296,-0.238,-5196.882,5296.822,255,255
15713,157306,-0.384,-5205.727,5405.947,255,255
15714,157316,-0.000,-5195.324,5295.234,255,255
15715,157326,-0.102,-5197.921,5397.841,255,255
15716,157336,-0.165,-5202.601,5402.701,255,255
15717,157346,0.179,-5202.601,5302.651,255,255
15718,157356,0.033,-5295.234,5395.145,255,255
15719,157366,-0.074,-5204.684,5304.774,255,255
15720,157376,-0.134,-5195.843,5395.684,255,255
15721,157386,-0.234,-5202.601,5302.651,255,255
15722,157396,-0.356,-5195.843,5395.684,255,255
15723,157406,-0.120,-5207.290,5307.430,255,255
15724,157416,-0.130,-5193.768,5393.528,255,255
15725,157426,-0.301,-5204.164,5304.244,255,255
15726,157436,-0.366,-5194.805,5394.605,255,255
15727,157446,-0.114,-5204.684,5304.774,255,255
15728,157456,-0.021,-5295.764,5395.684,255,255
15729,157466,-0.156,-5206.769,5306.899,255,255
15730,157476,-0.078,-5192.212,5391.912,255,255
15731,157486,-0.179,-5205.205,5305.305,255,255
15732,157496,-0.370,-5197.401,5397.301,255,255
15733,157506,-0.225,-5203.643,5303.712,255,255
15734,157516,-0.565,-5197.401,5397.301,255,255
15735,157526,-0.412,-5202.601,5302.651,255,255
15736,157536,-0.090,-5296.822,5396.762,255,255
15737,157546,-0.347,-5203.122,5303.182,255,255
15738,157556,-0.356,-5195.843,5395.684,255,255
15739,157566,-0.300,-5203.643,5303.712,255,255
15740,157576,-0.640,-5197.921,5397.841,255,255
15741,157586,-0.690,-5202.601,5302.651,255,255
15742,157596,-0.900,-5197.921,5397.841,255,255
15743,157606,-1.045,-5202.601,5302.651,255,255
15744,157616,-0.959,-5193.249,5392.989,255,255
15745,157626,-1.113,-5207.290,5307.430,255,255
15746,157636,-1.168,-5191.693,5391.374,255,255
15747,157646,-1.024,-5204.684,5304.774,255,255
15748,157656,-1.046,-5195.324,5395.145,255,255
15749,157666,-1.035,-5204.684,5304.774,255,255
15750,157676,-1.287,-5295.764,5395.684,255,255
15751,157686,-0.999,-5202.601,5302.651,255,255
15752,157696,-0.769,-5201.040,5401.080,255,255
15753,157706,-1.018,-5200.521,5400.541,255,255
15754,157716,-0.869,-5202.081,5302.121,255,255
15755,157726,-0.797,-5196.882,5396.762,255,255
15756,157736,-1.031,-5199.480,5299.470,255,255
15757,157746,-0.751,-5203.122,5403.242,255,255
15758,157756,-0.964,-5194.287,5294.177,255,255
15759,157766,-0.947,-5204.164,5404.324,255,255
15760,157776,-0.459,-5199.480,5299.470,255,255
15761,157786,-0.806,-5202.601,5402.701,255,255
15762,157796,-1.063,-5196.363,5296.293,255,255
15763,157806,-0.758,-5303.712,5403.783,255,255
15764,157816,-0.906,-5196.363,5296.293,255,255
15765,157826,-0.896,-5202.601,5402.701,255,255
15766,157836,-0.881,-5197.401,5297.351,255,255
15767,157846,-0.845,-5202.601,5402.701,255,255
15768,157856,-0.407,-5197.401,5297.351,255,255
15769,157866,-0.528,-5203.122,5403.242,255,255
15770,157876,-0.488,-5196.882,5296.822,255,255
15771,157886,-0.288,-5201.040,5401.080,255,255
15772,157896,-0.253,-5198.960,5298.940,255,255
15773,157906,-0.015,-5202.081,5402.161,255,255
15774,157916,-0.131,-5197.401,5297.351,255,255
15775,157926,0.202,-5300.000,5400.000,255,255
15776,157936,0.567,-5200.000,5300.000,255,255
15777,157946,0.144,-5204.684,5404.864,255,255
15778,157956,0.398,-5198.441,5298.411,255,255
15779,157966,0.494,-5199.480,5399.460,255,255
15780,157976,0.314,-5198.441,5298.411,255,255
15781,157986,0.603,-5204.684,5404.864,255,255
15782,157996,0.408,-5196.363,5296.293,255,255
15783,158006,0.385,-5201.040,5401.080,255,255
15784,158016,0.859,-5196.882,5296.822,255,255
15785,158026,0.779,-5202.081,5402.161,255,255
15786,158036,0.579,-5199.480,5299.470,255,255
15787,158046,0.911,-5202.601,5402.701,255,255
15788,158056,0.892,-5196.882,5296.822,255,255
15789,158066,0.656,-5203.643,5403.783,255,255
15790,158076,0.652,-5297.351,5297.351,255,255
15791,158086,0.783,-5198.441,5398.381,255,255
15792,158096,1.021,-5200.000,5300.000,255,255
15793,158106,1.047,-5201.040,5401.080,255,255
15794,158116,1.153,-5198.960,5298.940,255,255
15795,158126,1.287,-5197.401,5397.301,255,255
15796,158136,1.130,-5202.081,5302.121,255,255
15797,158146,1.266,-5201.561,5401.621,255,255
15798,158156,1.265,-5201.040,5301.060,255,255
15799,158166,1.158,-5202.081,5302.121,255,255
15800,158176,1.156,-5195.324,5395.145,255,255
15801,158186,0.826,-5202.601,5402.701,255,255
15802,158196,0.772,-5198.441,5298.411,255,255
15803,158206,1.111,-5203.122,5303.182,255,255
15804,158216,0.890,-5198.441,5398.381,255,255
15805,158226,0.944,-5198.960,5398.920,255,255
15806,158236,1.343,-5201.561,5301.590,255,255
15807,158246,1.047,-5198.960,5398.920,255,255
15808,158256,1.207,-5197.921,5297.881,255,255
15809,158266,1.255,-5205.727,5305.836,255,255
15810,158276,1.129,-5295.234,5395.145,255,255
15811,158286,1.331,-5199.480,5399.460,255,255
15812,158296,1.105,-5202.081,5302.121,255,255
15813,158306,1.124,-5201.561,5401.621,255,255
15814,158316,1.274,-5196.882,5296.822,255,255
15815,158326,1.299,-5202.601,5402.701,255,255
15816,158336,1.256,-5195.324,5295.234,255,255
15817,158346,1.013,-5205.727,5405.947,255,255
15818,158356,1.141,-5196.882,5296.822,255,255
15819,158366,1.248,-5201.040,5401.080,255,255
15820,158376,0.867,-5199.480,5299.470,255,255
15821,158386,1.033,-5201.561,5401.621,255,255
15822,158396,1.051,-5199.480,5299.470,255,255
15823,158406,0.913,-5201.040,5401.080,255,255
15824,158416,1.265,-5197.921,5297.881,255,255
15825,158426,0.966,-5203.122,5403.242,255,255
15826,158436,1.173,-5197.401,5297.351,255,255
15827,158446,1.679,-5201.040,5401.080,255,255
15828,158456,1.356,-5197.401,5297.351,255,255
15829,158466,1.259,-5200.000,5400.000,255,255
15830,158476,1.556,-5203.122,5303.182,255,255
15831,158486,1.538,-5201.561,5401.621,255,255
15832,158496,1.604,-5196.882,5296.822,255,255
15833,158506,1.551,-5200.521,5400.541,255,255
15834,158516,1.577,-5200.000,5300.000,255,255
15835,158526,1.911,-5200.000,5400.000,255,255
15836,158536,1.964,-5196.882,5296.822,255,255
15837,158546,1.885,-5203.122,5403.242,255,255
15838,158556,1.677,-5195.843,5295.764,255,255
15839,158566,1.740,-5203.643,5403.783,255,255
15840,158576,1.854,-5197.401,5297.351,255,255
15841,158586,1.514,-5203.643,5403.783,255,255
15842,158596,1.869,-5196.882,5296.822,255,255
15843,158606,2.172,-5205.205,5405.405,255,255
15844,158616,1.781,-5195.843,5295.764,255,255
15845,158626,2.002,-5201.040,5401.080,255,255
15846,158636,1.950,-5199.480,5299.470,255,255
15847,158646,1.563,-5200.521,5400.541,255,255
15848,158656,1.885,-5199.480,5299.470,255,255
15849,158666,1.698,-5297.881,5397.841,255,255
15850,158676,1.446,-5200.000,5300.000,255,255
15851,158686,1.900,-5202.601,5402.701,255,255
15852,158696,1.730,-5197.401,5297.351,255,255
15853,158706,1.675,-5205.205,5405.405,255,255
15854,158716,1.811,-5194.287,5294.177,255,255
15855,158726,1.733,-5203.122,5403.242,255,255
15856,158736,1.681,-5197.401,5397.301,255,255
15857,158746,1.535,-5204.684,5304.774,255,255
15858,158756,1.734,-5196.363,5396.223,255,255
15859,158766,1.763,-5200.521,5300.530,255,255
15860,158776,1.711,-5198.960,5398.920,255,255
15861,158786,1.706,-5202.601,5302.651,255,255
15862,158796,1.549,-5193.249,5392.989,255,255
15863,158806,1.596,-5206.248,5306.368,255,255
15864,158816,1.634,-5197.921,5397.841,255,255
15865,158826,1.261,-5204.684,5304.774,255,255
15866,158836,1.391,-5296.822,5396.762,255,255
15867,158846,1.591,-5202.601,5302.651,255,255
15868,158856,1.441,-5193.768,5393.528,255,255
15869,158866,1.438,-5205.727,5305.836,255,255
15870,158876,1.772,-5196.363,5396.223,255,255
15871,158886,1.457,-5203.122,5303.182,255,255
15872,158896,1.428,-5197.401,5397.301,255,255
15873,158906,1.803,-5202.601,5302.651,255,255
15874,158916,1.444,-5295.234,5395.145,255,255
15875,158926,1.330,-5204.684,5304.774,255,255
15876,158936,1.211,-5193.249,5392.989,255,255
15877,158946,1.213,-5202.601,5302.651,255,255
15878,158956,1.419,-5201.561,5401.621,255,255
15879,158966,1.270,-5204.164,5304.244,255,255
15880,158976,1.237,-5195.324,5395.145,255,255
15881,158986,1.394,-5201.561,5301.590,255,255
15882,158996,1.233,-5197.401,5397.301,255,255
15883,159006,1.173,-5203.643,5303.712,255,255
15884,159016,0.812,-5298.411,5398.381,255,255
15885,159026,0.997,-5204.164,5304.244,255,255
15886,159036,1.312,-5195.324,5395.145,255,255
15887,159046,0.925,-5203.122,5303.182,255,255
15888,159056,1.097,-5195.324,5395.145,255,255
15889,159066,1.300,-5207.290,5307.430,255,255
15890,159076,0.948,-5195.324,5395.145,255,255
15891,159086,1.148,-5203.643,5303.712,255,255
15892,159096,1.047,-5195.324,5395.145,255,255
15893,159106,0.888,-5202.081,5302.121,255,255
15894,159116,1.355,-5199.480,5399.460,255,255
15895,159126,1.104,-5298.940,5298.940,255,255
15896,159136,0.913,-5199.480,5399.460,255,255
15897,159146,1.313,-5201.561,5301.590,255,255
15898,159156,1.331,-5196.882,5396.762,255,255
15899,159166,1.161,-5206.769,5306.899,255,255
15900,159176,1.027,-5195.324,5395.145,255,255
15901,159186,1.253,-5201.040,5301.060,255,255
15902,159196,1.384,-5197.401,5397.301,255,255
15903,159206,1.396,-5203.122,5403.242,255,255
15904,159216,1.400,-5199.480,5299.470,255,255
15905,159226,1.330,-5201.040,5401.080,255,255
15906,159236,1.210,-5196.363,5296.293,255,255
15907,159246,1.154,-5204.164,5404.324,255,255
15908,159256,0.825,-5195.324,5295.234,255,255
15909,159266,0.991,-5201.040,5401.080,255,255
15910,159276,1.345,-5199.480,5299.470,255,255
15911,159286,0.870,-5202.081,5402.161,255,255
15912,159296,1.083,-5198.960,5298.940,255,255
15913,159306,1.403,-5302.651,5402.701,255,255
15914,159316,1.102,-5199.480,5299.470,255,255
15915,159326,1.341,-5200.000,5400.000,255,255
15916,159336,1.198,-5198.960,5298.940,255,255
15917,159346,1.057,-5202.081,5402.161,255,255
15918,159356,1.414,-5198.441,5298.411,255,255
15919,159366,1.303,-5200.521,5400.541,255,255
15920,159376,1.026,-5195.324,5395.145,255,255
15921,159386,1.251,-5208.333,5308.494,255,255
15922,159396,1.177,-5194.287,5294.177,255,255
15923,159406,0.917,-5201.561,5401.621,255,255
15924,159416,0.812,-5197.921,5397.841,255,255
15925,159426,0.831,-5204.164,5304.244,255,255
15926,159436,0.702,-5194.805,5394.605,255,255
15927,159446,0.411,-5204.684,5304.774,255,255
15928,159456,0.493,-5195.843,5395.684,255,255
15929,159466,0.302,-5204.164,5304.244,255,255
15930,159476,0.042,-5195.843,5395.684,255,255
15931,159486,0.289,-5204.164,5304.244,255,255
15932,159496,-0.304,-5196.882,5396.762,255,255
15933,159506,-0.215,-5202.601,5302.651,255,255
15934,159516,0.064,-5193.249,5392.989,255,255
15935,159526,-0.334,-5207.812,5307.962,255,255
15936,159536,-0.325,-5196.882,5396.762,255,255
15937,159546,-0.080,-5203.122,5303.182,255,255
15938,159556,-0.311,-5196.882,5396.762,255,255
15939,159566,-0.223,-5203.122,5303.182,255,255
15940,159576,0.114,-5197.401,5397.301,255,255
15941,159586,0.041,-5203.122,5403.242,255,255
15942,159596,-0.136,-5198.441,5298.411,255,255
15943,159606,-0.173,-5201.561,5401.621,255,255
15944,159616,0.016,-5197.921,5297.881,255,255
15945,159626,-0.033,-5200.000,5400.000,255,255
15946,159636,-0.099,-5200.000,5300.000,255,255
15947,159646,-0.101,-5197.921,5397.841,255,255
15948,159656,-0.203,-5200.521,5300.530,255,255
15949,159666,-0.044,-5202.081,5402.161,255,255
15950,159676,0.157,-5198.441,5298.411,255,255
15951,159686,-0.127,-5198.441,5398.381,255,255
15952,159696,0.124,-5202.601,5302.651,255,255
15953,159706,0.567,-5199.480,5399.460,255,255
15954,159716,0.270,-5198.441,5298.411,255,255
15955,159726,0.511,-5197.401,5397.301,255,255
15956,159736,0.607,-5202.081,5302.121,255,255
15957,159746,0.226,-5200.000,5400.000,255,255
15958,159756,0.432,-5203.643,5303.712,255,255
15959,159766,0.336,-5197.921,5397.841,255,255
15960,159776,0.094,-5200.000,5300.000,255,255
15961,159786,0.599,-5203.643,5403.783,255,255
15962,159796,0.715,-5194.805,5294.705,255,255
15963,159806,0.403,-5104.083,5404.324,255,255
15964,159816,0.526,-5295.764,5295.764,255,255
15965,159826,0.555,-5097.451,5397.301,255,255
15966,159836,0.614,-5201.561,5301.590,255,255
15967,159846,0.417,-5197.921,5397.841,255,255
15968,159856,0.473,-5203.643,5303.712,255,255
15969,159866,0.446,-5196.882,5396.762,255,255
15970,159876,0.355,-5202.601,5302.651,255,255
15971,159886,0.364,-5202.081,5402.161,255,255
15972,159896,0.161,-5200.000,5300.000,255,255
15973,159906,0.107,-5200.000,5400.000,255,255
15974,159916,0.471,-5199.480,5299.470,255,255
15975,159926,0.027,-5202.081,5402.161,255,255
15976,159936,0.072,-5196.363,5296.293,255,255
15977,159946,0.419,-5205.205,5405.405,255,255
15978,159956,-0.018,-5195.324,5295.234,255,255
15979,159966,0.040,-5204.164,5404.324,255,255
15980,159976,0.169,-5195.843,5295.764,255,255
15981,159986,-0.001,-5203.643,5403.783,255,255
15982,159996,0.264,-5194.805,5294.705,255,255
15983,160006,0.316,-5202.601,5402.701,255,255
15984,160016,0.128,-5199.480,5299.470,255,255
15985,160026,0.357,-5203.643,5403.783,255,255
15986,160036,0.310,-5196.363,5296.293,255,255
15987,160046,-0.010,-5203.122,5403.242,255,255
15988,160056,-0.047,-5296.822,5296.822,255,255
15989,160066,0.102,-5203.122,5403.242,255,255
15990,160076,0.158,-5195.843,5295.764,255,255
15991,160086,-0.055,-5203.122,5403.242,255,255
15992,160096,0.125,-5196.363,5296.293,255,255
15993,160106,0.215,-5203.122,5403.242,255,255
15994,160116,-0.066,-5197.401,5297.351,255,255
15995,160126,0.078,-5204.684,5404.864,255,255
15996,160136,0.048,-5296.293,5296.293,255,255
15997,160146,-0.087,-5202.601,5402.701,255,255
15998,160156,0.389,-5194.805,5394.605,255,255
15999,160166,0.204,-5205.727,5305.836,255,255
16000,160176,0.280,-5196.363,5396.223,0,0
16001,160186,0.592,-4801.440,4901.470,0,0
16002,160196,0.266,-3796.583,3896.493,0,0
16003,160206,0.360,-3002.702,3202.883,0,0
16004,160216,0.580,-2297.932,2397.842,0,0
16005,160226,0.566,-1600.800,1800.900,0,0
16006,160236,0.448,-1300.000,1400.000,0,0
16007,160246,0.246,-900.540,1000.600,0,0
16008,160256,0.047,-599.341,699.231,0,0
16009,160266,-0.090,-500.300,500.300,0,0
16010,160276,-0.142,-299.820,399.760,0,0
16011,160286,-0.196,-200.120,300.180,0,0
16012,160296,-0.166,-199.860,99.930,0,0
16013,160306,-0.197,-100.080,100.080,0,0
16014,160316,-0.190,0.000,99.920,0,0
16015,160326,-0.207,0.000,0.000,0,0
16016,160336,-0.204,0.000,0.000,0,0
16017,160346,-0.189,0.000,0.000,0,0
16018,160356,-0.196,0.000,0.000,0,0
16019,160366,-0.200,0.000,0.000,0,0
16020,160376,-0.197,0.000,0.000,0,0
16021,160386,-0.198,0.000,0.000,0,0
16022,160396,-0.196,0.000,0.000,0,0
16023,160406,-0.194,0.000,0.000,0,0
16024,160416,-0.199,0.000,0.000,0,0
16025,160426,-0.197,0.000,0.000,0,0
16026,160436,-0.198,0.000,0.000,0,0
16027,160446,-0.181,0.000,0.000,0,0
16028,160456,-0.173,0.000,0.000,0,0
16029,160466,-0.167,0.000,0.000,0,0
16030,160476,-0.168,0.000,0.000,0,0
16031,160486,-0.162,0.000,0.000,0,0
16032,160496,-0.158,0.000,0.000,0,0
16033,160506,-0.152,0.000,0.000,0,0
16034,160516,-0.157,0.000,0.000,0,0
16035,160526,-0.155,0.000,0.000,0,0
16036,160536,-0.155,0.000,0.000,0,0
16037,160546,-0.147,0.000,0.000,0,0
16038,160556,-0.140,0.000,0.000,0,0
16039,160566,-0.138,0.000,0.000,0,0
16040,160576,-0.126,0.000,0.000,0,0
16041,160586,-0.125,0.000,0.000,0,0
16042,160596,-0.124,0.000,0.000,0,0
16043,160606,-0.125,0.000,0.000,0,0
16044,160616,-0.121,0.000,0.000,0,0
16045,160626,-0.117,0.000,0.000,0,0
16046,160636,-0.110,0.000,0.000,0,0
16047,160646,-0.108,0.000,0.000,0,0
16048,160656,-0.105,0.000,0.000,0,0
16049,160666,-0.098,0.000,0.000,0,0
16050,160676,-0.104,0.000,0.000,0,0
16051,160686,-0.100,0.000,0.000,0,0
16052,160696,-0.095,0.000,0.000,0,0
16053,160706,-0.095,0.000,0.000,0,0
16054,160716,-0.096,0.000,0.000,0,0
16055,160726,-0.093,0.000,0.000,0,0
16056,160736,-0.087,0.000,0.000,0,0
16057,160746,-0.085,0.000,0.000,0,0
16058,160756,-0.087,0.000,0.000,0,0
16059,160766,-0.085,0.000,0.000,0,0
16060,160776,-0.088,0.000,0.000,0,0
16061,160786,-0.079,0.000,0.000,0,0
16062,160796,-0.080,0.000,0.000,0,0
16063,160806,-0.082,0.000,0.000,0,0
16064,160816,-0.076,0.000,0.000,0,0
16065,160826,-0.069,0.000,0.000,0,0
16066,160836,-0.064,0.000,0.000,0,0
16067,160846,-0.057,0.000,0.000,0,0
16068,160856,-0.054,0.000,0.000,0,0
16069,160866,-0.051,0.000,0.000,0,0
16070,160876,-0.050,0.000,0.000,0,0
16071,160886,-0.045,0.000,0.000,0,0
16072,160896,-0.046,0.000,0.000,0,0
16073,160906,-0.042,0.000,0.000,0,0
16074,160916,-0.035,0.000,0.000,0,0
16075,160926,-0.032,0.000,0.000,0,0
16076,160936,-0.033,0.000,0.000,0,0
16077,160946,-0.039,0.000,0.000,0,0
16078,160956,-0.029,0.000,0.000,0,0
16079,160966,-0.029,0.000,0.000,0,0
16080,160976,-0.027,0.000,0.000,0,0
16081,160986,-0.025,0.000,0.000,0,0
16082,160996,-0.021,0.000,0.000,0,0
16083,161006,-0.014,0.000,0.000,0,0
16084,161016,-0.012,0.000,0.000,0,0
16085,161026,-0.012,0.000,0.000,0,0
16086,161036,-0.011,0.000,0.000,0,0
16087,161046,-0.008,0.000,0.000,0,0
16088,161056,-0.012,0.000,0.000,0,0
16089,161066,-0.005,0.000,0.000,0,0
16090,161076,-0.009,0.000,0.000,0,0
16091,161086,-0.008,0.000,0.000,0,0
16092,161096,-0.010,0.000,0.000,0,0
16093,161106,-0.013,0.000,0.000,0,0
16094,161116,-0.014,0.000,0.000,0,0
16095,161126,-0.009,0.000,0.000,0,0
16096,161136,-0.004,0.000,0.000,0,0
16097,161146,-0.002,0.000,0.000,0,0
16098,161156,0.001,0.000,0.000,0,0
16099,161166,-0.002,0.000,0.000,0,0
16100,161176,-0.001,0.000,0.000,0,0
16101,161186,-0.001,0.000,0.000,0,0
16102,161196,-0.001,0.000,0.000,0,0
16103,161206,-0.001,0.000,0.000,0,0
16104,161216,0.001,0.000,0.000,0,0
16105,161226,0.002,0.000,0.000,0,0
16106,161236,0.003,0.000,0.000,0,0
16107,161246,-0.004,0.000,0.000,0,0
16108,161256,0.003,0.000,0.000,0,0
16109,161266,0.002,0.000,0.000,0,0
16110,161276,0.008,0.000,0.000,0,0
16111,161286,0.010,0.000,0.000,0,0
16112,161296,0.015,0.000,0.000,0,0
16113,161306,0.016,0.000,0.000,0,0
16114,161316,0.015,0.000,0.000,0,0
16115,161326,0.017,0.000,0.000,0,0
16116,161336,0.017,0.000,0.000,0,0
16117,161346,0.020,0.000,0.000,0,0
16118,161356,0.024,0.000,0.000,0,0
16119,161366,0.031,0.000,0.000,0,0
16120,161376,0.034,0.000,0.000,0,0
16121,161386,0.031,0.000,0.000,0,0
16122,161396,0.031,0.000,0.000,0,0
16123,161406,0.032,0.000,0.000,0,0
16124,161416,0.030,0.000,0.000,0,0
16125,161426,0.025,0.000,0.000,0,0
16126,161436,0.021,0.000,0.000,0,0
16127,161446,0.024,0.000,0.000,0,0
16128,161456,0.027,0.000,0.000,0,0
16129,161466,0.029,0.000,0.000,0,0
16130,161476,0.033,0.000,0.000,0,0
16131,161486,0.036,0.000,0.000,0,0
16132,161496,0.034,0.000,0.000,0,0
16133,161506,0.035,0.000,0.000,0,0
16134,161516,0.033,0.000,0.000,0,0
16135,161526,0.036,0.000,0.000,0,0
16136,161536,0.033,0.000,0.000,0,0
16137,161546,0.032,0.000,0.000,0,0
16138,161556,0.036,0.000,0.000,0,0
16139,161566,0.038,0.000,0.000,0,0
16140,161576,0.037,0.000,0.000,0,0
16141,161586,0.039,0.000,0.000,0,0
16142,161596,0.043,0.000,0.000,0,0
16143,161606,0.038,0.000,0.000,0,0
16144,161616,0.035,0.000,0.000,0,0
16145,161626,0.035,0.000,0.000,0,0
16146,161636,0.039,0.000,0.000,0,0
16147,161646,0.040,0.000,0.000,0,0
16148,161656,0.037,0.000,0.000,0,0
16149,161666,0.037,0.000,0.000,0,0
16150,161676,0.040,0.000,0.000,0,0
16151,161686,0.038,0.000,0.000,0,0
16152,161696,0.039,0.000,0.000,0,0
16153,161706,0.037,0.000,0.000,0,0
16154,161716,0.036,0.000,0.000,0,0
16155,161726,0.041,0.000,0.000,0,0
16156,161736,0.044,0.000,0.000,0,0
16157,161746,0.049,0.000,0.000,0,0
16158,161756,0.050,0.000,0.000,0,0
16159,161766,0.050,0.000,0.000,0,0
16160,161776,0.047,0.000,0.000,0,0
16161,161786,0.046,0.000,0.000,0,0
16162,161796,0.046,0.000,0.000,0,0
16163,161806,0.050,0.000,0.000,0,0
16164,161816,0.050,0.000,0.000,0,0
16165,161826,0.048,0.000,0.000,0,0
16166,161836,0.048,0.000,0.000,0,0
16167,161846,0.049,0.000,0.000,0,0
16168,161856,0.047,0.000,0.000,0,0
16169,161866,0.043,0.000,0.000,0,0
16170,161876,0.044,0.000,0.000,0,0
16171,161886,0.047,0.000,0.000,0,0
16172,161896,0.046,0.000,0.000,0,0
16173,161906,0.047,0.000,0.000,0,0
16174,161916,0.053,0.000,0.000,0,0
16175,161926,0.052,0.000,0.000,0,0
16176,161936,0.045,0.000,0.000,0,0
16177,161946,0.038,0.000,0.000,0,0
16178,161956,0.035,0.000,0.000,0,0
16179,161966,0.037,0.000,0.000,0,0
16180,161976,0.044,0.000,0.000,0,0
16181,161986,0.046,0.000,0.000,0,0
16182,161996,0.045,0.000,0.000,0,0
16183,162006,0.047,0.000,0.000,0,0
16184,162016,0.049,0.000,0.000,0,0
16185,162026,0.051,0.000,0.000,0,0
16186,162036,0.050,0.000,0.000,0,0
16187,162046,0.054,0.000,0.000,0,0
16188,162056,0.051,0.000,0.000,0,0
16189,162066,0.051,0.000,0.000,0,0
16190,162076,0.051,0.000,0.000,0,0
16191,162086,0.058,0.000,0.000,0,0
16192,162096,0.054,0.000,0.000,0,0
16193,162106,0.049,0.000,0.000,0,0
16194,162116,0.047,0.000,0.000,0,0
16195,162126,0.043,0.000,0.000,0,0
16196,162136,0.046,0.000,0.000,0,0
16197,162146,0.046,0.000,0.000,0,0
16198,162156,0.042,0.000,0.000,0,0
16199,162166,0.048,0.000,0.000,0,0
16200,162176,0.046,0.000,0.000,0,0
16201,162186,0.049,0.000,0.000,0,0
16202,162196,0.045,0.000,0.000,0,0
16203,162206,0.041,0.000,0.000,0,0
16204,162216,0.038,0.000,0.000,0,0
16205,162226,0.037,0.000,0.000,0,0
16206,162236,0.034,0.000,0.000,0,0
16207,162246,0.034,0.000,0.000,0,0
16208,162256,0.030,0.000,0.000,0,0
16209,162266,0.031,0.000,0.000,0,0
16210,162276,0.029,0.000,0.000,0,0
16211,162286,0.026,0.000,0.000,0,0
16212,162296,0.030,0.000,0.000,0,0
16213,162306,0.034,0.000,0.000,0,0
16214,162316,0.040,0.000,0.000,0,0
16215,162326,0.032,0.000,0.000,0,0
16216,162336,0.035,0.000,0.000,0,0
16217,162346,0.030,0.000,0.000,0,0
16218,162356,0.026,0.000,0.000,0,0
16219,162366,0.029,0.000,0.000,0,0
16220,162376,0.032,0.000,0.000,0,0
16221,162386,0.036,0.000,0.000,0,0
16222,162396,0.038,0.000,0.000,0,0
16223,162406,0.041,0.000,0.000,0,0
16224,162416,0.039,0.000,0.000,0,0
16225,162426,0.039,0.000,0.000,0,0
16226,162436,0.043,0.000,0.000,0,0
16227,162446,0.043,0.000,0.000,0,0
16228,162456,0.039,0.000,0.000,0,0
16229,162466,0.040,0.000,0.000,0,0
16230,162476,0.043,0.000,0.000,0,0
16231,162486,0.044,0.000,0.000,0,0
16232,162496,0.046,0.000,0.000,0,0
16233,162506,0.040,0.000,0.000,0,0
16234,162516,0.044,0.000,0.000,0,0
16235,162526,0.047,0.000,0.000,0,0
16236,162536,0.045,0.000,0.000,0,0
16237,162546,0.043,0.000,0.000,0,0
16238,162556,0.039,0.000,0.000,0,0
16239,162566,0.042,0.000,0.000,0,0
16240,162576,0.040,0.000,0.000,0,0
16241,162586,0.035,0.000,0.000,0,0
16242,162596,0.037,0.000,0.000,0,0
16243,162606,0.041,0.000,0.000,0,0
16244,162616,0.047,0.000,0.000,0,0
16245,162626,0.044,0.000,0.000,0,0
16246,162636,0.047,0.000,0.000,0,0
16247,162646,0.049,0.000,0.000,0,0
16248,162656,0.054,0.000,0.000,0,0
16249,162666,0.051,0.000,0.000,0,0
16250,162676,0.054,0.000,0.000,0,0
16251,162686,0.056,0.000,0.000,0,0
16252,162696,0.061,0.000,0.000,0,0
16253,162706,0.054,0.000,0.000,0,0
16254,162716,0.054,0.000,0.000,0,0
16255,162726,0.052,0.000,0.000,0,0
16256,162736,0.050,0.000,0.000,0,0
16257,162746,0.050,0.000,0.000,0,0
16258,162756,0.048,0.000,0.000,0,0
16259,162766,0.044,0.000,0.000,0,0
16260,162776,0.046,0.000,0.000,0,0
16261,162786,0.052,0.000,0.000,0,0
16262,162796,0.051,0.000,0.000,0,0
16263,162806,0.051,0.000,0.000,0,0
16264,162816,0.049,0.000,0.000,0,0
16265,162826,0.041,0.000,0.000,0,0
16266,162836,0.045,0.000,0.000,0,0
16267,162846,0.044,0.000,0.000,0,0
16268,162856,0.046,0.000,0.000,0,0
16269,162866,0.047,0.000,0.000,0,0
16270,162876,0.047,0.000,0.000,0,0
16271,162886,0.044,0.000,0.000,0,0
16272,162896,0.039,0.000,0.000,0,0
16273,162906,0.038,0.000,0.000,0,0
16274,162916,0.037,0.000,0.000,0,0
16275,162926,0.032,0.000,0.000,0,0
16276,162936,0.030,0.000,0.000,0,0
16277,162946,0.025,0.000,0.000,0,0
16278,162956,0.030,0.000,0.000,0,0
16279,162966,0.036,0.000,0.000,0,0
16280,162976,0.036,0.000,0.000,0,0
16281,162986,0.037,0.000,0.000,0,0
16282,162996,0.039,0.000,0.000,0,0
16283,163006,0.039,0.000,0.000,0,0
16284,163016,0.037,0.000,0.000,0,0
16285,163026,0.041,0.000,0.000,0,0
16286,163036,0.046,0.000,0.000,0,0
16287,163046,0.046,0.000,0.000,0,0
16288,163056,0.048,0.000,0.000,0,0
16289,163066,0.054,0.000,0.000,0,0
16290,163076,0.056,0.000,0.000,0,0
16291,163086,0.058,0.000,0.000,0,0
16292,163096,0.056,0.000,0.000,0,0
16293,163106,0.066,0.000,0.000,0,0
16294,163116,0.064,0.000,0.000,0,0
16295,163126,0.067,0.000,0.000,0,0
16296,163136,0.063,0.000,0.000,0,0
16297,163146,0.059,0.000,0.000,0,0
16298,163156,0.064,0.000,0.000,0,0
16299,163166,0.063,0.000,0.000,0,0
16300,163176,0.069,0.000,0.000,0,0
16301,163186,0.075,0.000,0.000,0,0
16302,163196,0.072,0.000,0.000,0,0
16303,163206,0.079,0.000,0.000,0,0
16304,163216,0.078,0.000,0.000,0,0
16305,163226,0.078,0.000,0.000,0,0
16306,163236,0.076,0.000,0.000,0,0
16307,163246,0.076,0.000,0.000,0,0
16308,163256,0.075,0.000,0.000,0,0
16309,163266,0.078,0.000,0.000,0,0
16310,163276,0.080,0.000,0.000,0,0
16311,163286,0.079,0.000,0.000,0,0
16312,163296,0.080,0.000,0.000,0,0
16313,163306,0.080,0.000,0.000,0,0
16314,163316,0.089,0.000,0.000,0,0
16315,163326,0.085,0.000,0.000,0,0
16316,163336,0.085,0.000,0.000,0,0
16317,163346,0.080,0.000,0.000,0,0
16318,163356,0.076,0.000,0.000,0,0
16319,163366,0.078,0.000,0.000,0,0
16320,163376,0.083,0.000,0.000,0,0
16321,163386,0.080,0.000,0.000,0,0
16322,163396,0.074,0.000,0.000,0,0
16323,163406,0.072,0.000,0.000,0,0
16324,163416,0.074,0.000,0.000,0,0
16325,163426,0.068,0.000,0.000,0,0
16326,163436,0.073,0.000,0.000,0,0
16327,163446,0.072,0.000,0.000,0,0
16328,163456,0.072,0.000,0.000,0,0
16329,163466,0.071,0.000,0.000,0,0
16330,163476,0.069,0.000,0.000,0,0
16331,163486,0.069,0.000,0.000,0,0
16332,163496,0.066,0.000,0.000,0,0
16333,163506,0.061,0.000,0.000,0,0
16334,163516,0.064,0.000,0.000,0,0
16335,163526,0.070,0.000,0.000,0,0
16336,163536,0.070,0.000,0.000,0,0
16337,163546,0.067,0.000,0.000,0,0
16338,163556,0.071,0.000,0.000,0,0
16339,163566,0.078,0.000,0.000,0,0
16340,163576,0.083,0.000,0.000,0,0
16341,163586,0.081,0.000,0.000,0,0
16342,163596,0.082,0.000,0.000,0,0
16343,163606,0.078,0.000,0.000,0,0
16344,163616,0.075,0.000,0.000,0,0
16345,163626,0.073,0.000,0.000,0,0
16346,163636,0.070,0.000,0.000,0,0
16347,163646,0.068,0.000,0.000,0,0
16348,163656,0.068,0.000,0.000,0,0
16349,163666,0.067,0.000,0.000,0,0
16350,163676,0.065,0.000,0.000,0,0
16351,163686,0.069,0.000,0.000,0,0
16352,163696,0.069,0.000,0.000,0,0
16353,163706,0.076,0.000,0.000,0,0
16354,163716,0.079,0.000,0.000,0,0
16355,163726,0.078,0.000,0.000,0,0
16356,163736,0.077,0.000,0.000,0,0
16357,163746,0.078,0.000,0.000,0,0
16358,163756,0.077,0.000,0.000,0,0
16359,163766,0.078,0.000,0.000,0,0
16360,163776,0.075,0.000,0.000,0,0
16361,163786,0.072,0.000,0.000,0,0
16362,163796,0.068,0.000,0.000,0,0
16363,163806,0.063,0.000,0.000,0,0
16364,163816,0.059,0.000,0.000,0,0
16365,163826,0.062,0.000,0.000,0,0
16366,163836,0.066,0.000,0.000,0,0
16367,163846,0.063,0.000,0.000,0,0
16368,163856,0.063,0.000,0.000,0,0
16369,163866,0.063,0.000,0.000,0,0
16370,163876,0.066,0.000,0.000,0,0
16371,163886,0.065,0.000,0.000,0,0
16372,163896,0.068,0.000,0.000,0,0
16373,163906,0.065,0.000,0.000,0,0
16374,163916,0.062,0.000,0.000,0,0
16375,163926,0.065,0.000,0.000,0,0
16376,163936,0.063,0.000,0.000,0,0
16377,163946,0.060,0.000,0.000,0,0
16378,163956,0.056,0.000,0.000,0,0
16379,163966,0.059,0.000,0.000,0,0
16380,163976,0.063,0.000,0.000,0,0
16381,163986,0.061,0.000,0.000,0,0
16382,163996,0.064,0.000,0.000,0,0
16383,164006,0.062,0.000,0.000,0,0
16384,164016,0.067,0.000,0.000,0,0
16385,164026,0.062,0.000,0.000,0,0
16386,164036,0.059,0.000,0.000,0,0
16387,164046,0.055,0.000,0.000,0,0
16388,164056,0.050,0.000,0.000,0,0
16389,164066,0.055,0.000,0.000,0,0
16390,164076,0.052,0.000,0.000,0,0
16391,164086,0.057,0.000,0.000,0,0
16392,164096,0.053,0.000,0.000,0,0
16393,164106,0.047,0.000,0.000,0,0
16394,164116,0.051,0.000,0.000,0,0
16395,164126,0.050,0.000,0.000,0,0
16396,164136,0.047,0.000,0.000,0,0
16397,164146,0.046,0.000,0.000,0,0
16398,164156,0.049,0.000,0.000,0,0
16399,164166,0.046,0.000,0.000,0,0
16400,164176,0.053,0.000,0.000,0,0
16401,164186,0.057,0.000,0.000,0,0
16402,164196,0.063,0.000,0.000,0,0
16403,164206,0.059,0.000,0.000,0,0
16404,164216,0.056,0.000,0.000,0,0
16405,164226,0.056,0.000,0.000,0,0
16406,164236,0.049,0.000,0.000,0,0
16407,164246,0.046,0.000,0.000,0,0
16408,164256,0.045,0.000,0.000,0,0
16409,164266,0.040,0.000,0.000,0,0
16410,164276,0.038,0.000,0.000,0,0
16411,164286,0.035,0.000,0.000,0,0
16412,164296,0.031,0.000,0.000,0,0
16413,164306,0.032,0.000,0.000,0,0
16414,164316,0.031,0.000,0.000,0,0
16415,164326,0.033,0.000,0.000,0,0
16416,164336,0.036,0.000,0.000,0,0
16417,164346,0.032,0.000,0.000,0,0
16418,164356,0.031,0.000,0.000,0,0
16419,164366,0.028,0.000,0.000,0,0
16420,164376,0.025,0.000,0.000,0,0
16421,164386,0.030,0.000,0.000,0,0
16422,164396,0.030,0.000,0.000,0,0
16423,164406,0.034,0.000,0.000,0,0
16424,164416,0.033,0.000,0.000,0,0
16425,164426,0.036,0.000,0.000,0,0
16426,164436,0.035,0.000,0.000,0,0
16427,164446,0.034,0.000,0.000,0,0
16428,164456,0.030,0.000,0.000,0,0
16429,164466,0.030,0.000,0.000,0,0
16430,164476,0.032,0.000,0.000,0,0
16431,164486,0.033,0.000,0.000,0,0
16432,164496,0.032,0.000,0.000,0,0
16433,164506,0.032,0.000,0.000,0,0
16434,164516,0.031,0.000,0.000,0,0
16435,164526,0.034,0.000,0.000,0,0
16436,164536,0.038,0.000,0.000,0,0
16437,164546,0.037,0.000,0.000,0,0
16438,164556,0.040,0.000,0.000,0,0
16439,164566,0.042,0.000,0.000,0,0
16440,164576,0.037,0.000,0.000,0,0
16441,164586,0.037,0.000,0.000,0,0
16442,164596,0.030,0.000,0.000,0,0
16443,164606,0.031,0.000,0.000,0,0
16444,164616,0.035,0.000,0.000,0,0
16445,164626,0.033,0.000,0.000,0,0
16446,164636,0.032,0.000,0.000,0,0
16447,164646,0.040,0.000,0.000,0,0
16448,164656,0.039,0.000,0.000,0,0
16449,164666,0.040,0.000,0.000,0,0
16450,164676,0.038,0.000,0.000,0,0
16451,164686,0.036,0.000,0.000,0,0
16452,164696,0.038,0.000,0.000,0,0
16453,164706,0.048,0.000,0.000,0,0
16454,164716,0.048,0.000,0.000,0,0
16455,164726,0.045,0.000,0.000,0,0
16456,164736,0.046,0.000,0.000,0,0
16457,164746,0.046,0.000,0.000,0,0
16458,164756,0.043,0.000,0.000,0,0
16459,164766,0.039,0.000,0.000,0,0
16460,164776,0.040,0.000,0.000,0,0
16461,164786,0.043,0.000,0.000,0,0
16462,164796,0.048,0.000,0.000,0,0
16463,164806,0.048,0.000,0.000,0,0
16464,164816,0.043,0.000,0.000,0,0
16465,164826,0.042,0.000,0.000,0,0
16466,164836,0.039,0.000,0.000,0,0
16467,164846,0.038,0.000,0.000,0,0
16468,164856,0.040,0.000,0.000,0,0
16469,164866,0.044,0.000,0.000,0,0
16470,164876,0.043,0.000,0.000,0,0
16471,164886,0.044,0.000,0.000,0,0
16472,164896,0.043,0.000,0.000,0,0
16473,164906,0.041,0.000,0.000,0,0
16474,164916,0.036,0.000,0.000,0,0
16475,164926,0.034,0.000,0.000,0,0
16476,164936,0.029,0.000,0.000,0,0
16477,164946,0.038,0.000,0.000,0,0
16478,164956,0.037,0.000,0.000,0,0
16479,164966,0.044,0.000,0.000,0,0
16480,164976,0.046,0.000,0.000,0,0
16481,164986,0.042,0.000,0.000,0,0
16482,164996,0.039,0.000,0.000,0,0
16483,165006,0.035,0.000,0.000,0,0
16484,165016,0.038,0.000,0.000,0,0
16485,165026,0.035,0.000,0.000,0,0
16486,165036,0.037,0.000,0.000,0,0
16487,165046,0.034,0.000,0.000,0,0
16488,165056,0.036,0.000,0.000,0,0
16489,165066,0.038,0.000,0.000,0,0
16490,165076,0.042,0.000,0.000,0,0
16491,165086,0.048,0.000,0.000,0,0
16492,165096,0.051,0.000,0.000,0,0
16493,165106,0.050,0.000,0.000,0,0
16494,165116,0.050,0.000,0.000,0,0
16495,165126,0.050,0.000,0.000,0,0
16496,165136,0.044,0.000,0.000,0,0
16497,165146,0.045,0.000,0.000,0,0
16498,165156,0.044,0.000,0.000,0,0
16499,165166,0.049,0.000,0.000,0,0
16500,165176,0.047,0.000,0.000,0,0
16501,165186,0.044,0.000,0.000,0,0
16502,165196,0.052,0.000,0.000,0,0
16503,165206,0.059,0.000,0.000,0,0
16504,165216,0.051,0.000,0.000,0,0
16505,165226,0.056,0.000,0.000,0,0
16506,165236,0.055,0.000,0.000,0,0
16507,165246,0.051,0.000,0.000,0,0
16508,165256,0.051,0.000,0.000,0,0
16509,165266,0.050,0.000,0.000,0,0
16510,165276,0.046,0.000,0.000,0,0
16511,165286,0.044,0.000,0.000,0,0
16512,165296,0.041,0.000,0.000,0,0
16513,165306,0.041,0.000,0.000,0,0
16514,165316,0.040,0.000,0.000,0,0
16515,165326,0.047,0.000,0.000,0,0
16516,165336,0.047,0.000,0.000,0,0
16517,165346,0.042,0.000,0.000,0,0
16518,165356,0.046,0.000,0.000,0,0
16519,165366,0.043,0.000,0.000,0,0
16520,165376,0.040,0.000,0.000,0,0
16521,165386,0.039,0.000,0.000,0,0
16522,165396,0.044,0.000,0.000,0,0
16523,165406,0.039,0.000,0.000,0,0
16524,165416,0.037,0.000,0.000,0,0
16525,165426,0.041,0.000,0.000,0,0
16526,165436,0.046,0.000,0.000,0,0
16527,165446,0.043,0.000,0.000,0,0
16528,165456,0.042,0.000,0.000,0,0
16529,165466,0.039,0.000,0.000,0,0
16530,165476,0.039,0.000,0.000,0,0
16531,165486,0.041,0.000,0.000,0,0
16532,165496,0.040,0.000,0.000,0,0
16533,165506,0.041,0.000,0.000,0,0
16534,165516,0.038,0.000,0.000,0,0
16535,165526,0.038,0.000,0.000,0,0
16536,165536,0.039,0.000,0.000,0,0
16537,165546,0.041,0.000,0.000,0,0
16538,165556,0.036,0.000,0.000,0,0
16539,165566,0.038,0.000,0.000,0,0
16540,165576,0.041,0.000,0.000,0,0
16541,165586,0.044,0.000,0.000,0,0
16542,165596,0.045,0.000,0.000,0,0
16543,165606,0.045,0.000,0.000,0,0
16544,165616,0.042,0.000,0.000,0,0
16545,165626,0.036,0.000,0.000,0,0
16546,165636,0.038,0.000,0.000,0,0
16547,165646,0.036,0.000,0.000,0,0
16548,165656,0.041,0.000,0.000,0,0
16549,165666,0.037,0.000,0.000,0,0
16550,165676,0.044,0.000,0.000,0,0
16551,165686,0.043,0.000,0.000,0,0
16552,165696,0.048,0.000,0.000,0,0
16553,165706,0.051,0.000,0.000,0,0
16554,165716,0.044,0.000,0.000,0,0
16555,165726,0.042,0.000,0.000,0,0
16556,165736,0.043,0.000,0.000,0,0
16557,165746,0.045,0.000,0.000,0,0
16558,165756,0.047,0.000,0.000,0,0
16559,165766,0.042,0.000,0.000,0,0
16560,165776,0.049,0.000,0.000,0,0
16561,165786,0.053,0.000,0.000,0,0
16562,165796,0.055,0.000,0.000,0,0
16563,165806,0.050,0.000,0.000,0,0
16564,165816,0.048,0.000,0.000,0,0
16565,165826,0.043,0.000,0.000,0,0
16566,165836,0.036,0.000,0.000,0,0
16567,165846,0.042,0.000,0.000,0,0
16568,165856,0.042,0.000,0.000,0,0
16569,165866,0.034,0.000,0.000,0,0
16570,165876,0.026,0.000,0.000,0,0
16571,165886,0.034,0.000,0.000,0,0
16572,165896,0.028,0.000,0.000,0,0
16573,165906,0.033,0.000,0.000,0,0
16574,165916,0.031,0.000,0.000,0,0
16575,165926,0.028,0.000,0.000,0,0
16576,165936,0.034,0.000,0.000,0,0
16577,165946,0.031,0.000,0.000,0,0
16578,165956,0.025,0.000,0.000,0,0
16579,165966,0.022,0.000,0.000,0,0
16580,165976,0.022,0.000,0.000,0,0
16581,165986,0.021,0.000,0.000,0,0
16582,165996,0.027,0.000,0.000,0,0
16583,166006,0.034,0.000,0.000,0,0
16584,166016,0.037,0.000,0.000,0,0
16585,166026,0.031,0.000,0.000,0,0
16586,166036,0.023,0.000,0.000,0,0
16587,166046,0.024,0.000,0.000,0,0
16588,166056,0.022,0.000,0.000,0,0
16589,166066,0.029,0.000,0.000,0,0
16590,166076,0.028,0.000,0.000,0,0
16591,166086,0.026,0.000,0.000,0,0
16592,166096,0.025,0.000,0.000,0,0
16593,166106,0.026,0.000,0.000,0,0
16594,166116,0.025,0.000,0.000,0,0
16595,166126,0.023,0.000,0.000,0,0
16596,166136,0.021,0.000,0.000,0,0
16597,166146,0.024,0.000,0.000,0,0
16598,166156,0.019,0.000,0.000,0,0
16599,166166,0.021,0.000,0.000,0,0
16600,166176,0.026,0.000,0.000,0,0
16601,166186,0.025,0.000,0.000,0,0
16602,166196,0.025,0.000,0.000,0,0
16603,166206,0.030,0.000,0.000,0,0
16604,166216,0.031,0.000,0.000,0,0
16605,166226,0.034,0.000,0.000,0,0
16606,166236,0.041,0.000,0.000,0,0
16607,166246,0.040,0.000,0.000,0,0
16608,166256,0.041,0.000,0.000,0,0
16609,166266,0.041,0.000,0.000,0,0
16610,166276,0.045,0.000,0.000,0,0
16611,166286,0.044,0.000,0.000,0,0
16612,166296,0.042,0.000,0.000,0,0
16613,166306,0.043,0.000,0.000,0,0
16614,166316,0.048,0.000,0.000,0,0
16615,166326,0.051,0.000,0.000,0,0
16616,166336,0.055,0.000,0.000,0,0
16617,166346,0.061,0.000,0.000,0,0
16618,166356,0.065,0.000,0.000,0,0
16619,166366,0.066,0.000,0.000,0,0
16620,166376,0.065,0.000,0.000,0,0
16621,166386,0.071,0.000,0.000,0,0
16622,166396,0.066,0.000,0.000,0,0
16623,166406,0.067,0.000,0.000,0,0
16624,166416,0.068,0.000,0.000,0,0
16625,166426,0.068,0.000,0.000,0,0
16626,166436,0.063,0.000,0.000,0,0
16627,166446,0.066,0.000,0.000,0,0
16628,166456,0.071,0.000,0.000,0,0
16629,166466,0.069,0.000,0.000,0,0
16630,166476,0.066,0.000,0.000,0,0
16631,166486,0.071,0.000,0.000,0,0
16632,166496,0.072,0.000,0.000,0,0
16633,166506,0.072,0.000,0.000,0,0
16634,166516,0.072,0.000,0.000,0,0
16635,166526,0.076,0.000,0.000,0,0
16636,166536,0.077,0.000,0.000,0,0
16637,166546,0.080,0.000,0.000,0,0
16638,166556,0.075,0.000,0.000,0,0
16639,166566,0.074,0.000,0.000,0,0
16640,166576,0.075,0.000,0.000,0,0
16641,166586,0.076,0.000,0.000,0,0
16642,166596,0.079,0.000,0.000,0,0
16643,166606,0.079,0.000,0.000,0,0
16644,166616,0.074,0.000,0.000,0,0
16645,166626,0.078,0.000,0.000,0,0
16646,166636,0.081,0.000,0.000,0,0
16647,166646,0.078,0.000,0.000,0,0
16648,166656,0.078,0.000,0.000,0,0
16649,166666,0.081,0.000,0.000,0,0
16650,166676,0.077,0.000,0.000,0,0
16651,166686,0.078,0.000,0.000,0,0
16652,166696,0.077,0.000,0.000,0,0
16653,166706,0.080,0.000,0.000,0,0
16654,166716,0.086,0.000,0.000,0,0
16655,166726,0.089,0.000,0.000,0,0
16656,166736,0.089,0.000,0.000,0,0
16657,166746,0.086,0.000,0.000,0,0
16658,166756,0.081,0.000,0.000,0,0
16659,166766,0.083,0.000,0.000,0,0
16660,166776,0.089,0.000,0.000,0,0
16661,166786,0.089,0.000,0.000,0,0
16662,166796,0.092,0.000,0.000,0,0
16663,166806,0.091,0.000,0.000,0,0
16664,166816,0.093,0.000,0.000,0,0
16665,166826,0.095,0.000,0.000,0,0
16666,166836,0.102,0.000,0.000,0,0
16667,166846,0.099,0.000,0.000,0,0
16668,166856,0.088,0.000,0.000,0,0
16669,166866,0.085,0.000,0.000,0,0
16670,166876,0.088,0.000,0.000,0,0
16671,166886,0.084,0.000,0.000,0,0
16672,166896,0.080,0.000,0.000,0,0
16673,166906,0.079,0.000,0.000,0,0
16674,166916,0.079,0.000,0.000,0,0
16675,166926,0.078,0.000,0.000,0,0
16676,166936,0.084,0.000,0.000,0,0
16677,166946,0.087,0.000,0.000,0,0
16678,166956,0.083,0.000,0.000,0,0
16679,166966,0.085,0.000,0.000,0,0
16680,166976,0.085,0.000,0.000,0,0
16681,166986,0.087,0.000,0.000,0,0
16682,166996,0.086,0.000,0.000,0,0
16683,167006,0.083,0.000,0.000,0,0
16684,167016,0.082,0.000,0.000,0,0
16685,167026,0.078,0.000,0.000,0,0
16686,167036,0.080,0.000,0.000,0,0
16687,167046,0.084,0.000,0.000,0,0
16688,167056,0.087,0.000,0.000,0,0
16689,167066,0.084,0.000,0.000,0,0
16690,167076,0.086,0.000,0.000,0,0
16691,167086,0.087,0.000,0.000,0,0
16692,167096,0.087,0.000,0.000,0,0
16693,167106,0.089,0.000,0.000,0,0
16694,167116,0.092,0.000,0.000,0,0
16695,167126,0.093,0.000,0.000,0,0
16696,167136,0.095,0.000,0.000,0,0
16697,167146,0.094,0.000,0.000,0,0
16698,167156,0.092,0.000,0.000,0,0
16699,167166,0.085,0.000,0.000,0,0
16700,167176,0.083,0.000,0.000,0,0
16701,167186,0.086,0.000,0.000,0,0
16702,167196,0.088,0.000,0.000,0,0
16703,167206,0.085,0.000,0.000,0,0
16704,167216,0.086,0.000,0.000,0,0
16705,167226,0.086,0.000,0.000,0,0
16706,167236,0.090,0.000,0.000,0,0
16707,167246,0.097,0.000,0.000,0,0
16708,167256,0.092,0.000,0.000,0,0
16709,167266,0.094,0.000,0.000,0,0
16710,167276,0.095,0.000,0.000,0,0
16711,167286,0.093,0.000,0.000,0,0
16712,167296,0.093,0.000,0.000,0,0
16713,167306,0.091,0.000,0.000,0,0
16714,167316,0.088,0.000,0.000,0,0
16715,167326,0.091,0.000,0.000,0,0
16716,167336,0.089,0.000,0.000,0,0
16717,167346,0.090,0.000,0.000,0,0
16718,167356,0.087,0.000,0.000,0,0
16719,167366,0.085,0.000,0.000,0,0
16720,167376,0.087,0.000,0.000,0,0
16721,167386,0.084,0.000,0.000,0,0
16722,167396,0.080,0.000,0.000,0,0
16723,167406,0.079,0.000,0.000,0,0
16724,167416,0.080,0.000,0.000,0,0
16725,167426,0.085,0.000,0.000,0,0
16726,167436,0.089,0.000,0.000,0,0
16727,167446,0.085,0.000,0.000,0,0
16728,167456,0.085,0.000,0.000,0,0
16729,167466,0.083,0.000,0.000,0,0
16730,167476,0.079,0.000,0.000,0,0
16731,167486,0.079,0.000,0.000,0,0
16732,167496,0.072,0.000,0.000,0,0
16733,167506,0.066,0.000,0.000,0,0
16734,167516,0.067,0.000,0.000,0,0
16735,167526,0.069,0.000,0.000,0,0
16736,167536,0.066,0.000,0.000,0,0
16737,167546,0.061,0.000,0.000,0,0
16738,167556,0.058,0.000,0.000,0,0
16739,167566,0.055,0.000,0.000,0,0
16740,167576,0.059,0.000,0.000,0,0
16741,167586,0.058,0.000,0.000,0,0
16742,167596,0.055,0.000,0.000,0,0
16743,167606,0.058,0.000,0.000,0,0
16744,167616,0.052,0.000,0.000,0,0
16745,167626,0.052,0.000,0.000,0,0
16746,167636,0.047,0.000,0.000,0,0
16747,167646,0.049,0.000,0.000,0,0
16748,167656,0.050,0.000,0.000,0,0
16749,167666,0.053,0.000,0.000,0,0
16750,167676,0.054,0.000,0.000,0,0
16751,167686,0.062,0.000,0.000,0,0
16752,167696,0.067,0.000,0.000,0,0
16753,167706,0.070,0.000,0.000,0,0
16754,167716,0.068,0.000,0.000,0,0
16755,167726,0.070,0.000,0.000,0,0
16756,167736,0.072,0.000,0.000,0,0
16757,167746,0.075,0.000,0.000,0,0
16758,167756,0.073,0.000,0.000,0,0
16759,167766,0.079,0.000,0.000,0,0
16760,167776,0.078,0.000,0.000,0,0
16761,167786,0.079,0.000,0.000,0,0
16762,167796,0.078,0.000,0.000,0,0
16763,167806,0.076,0.000,0.000,0,0
16764,167816,0.073,0.000,0.000,0,0
16765,167826,0.073,0.000,0.000,0,0
16766,167836,0.071,0.000,0.000,0,0
16767,167846,0.068,0.000,0.000,0,0
16768,167856,0.069,0.000,0.000,0,0
16769,167866,0.072,0.000,0.000,0,0
16770,167876,0.076,0.000,0.000,0,0
16771,167886,0.079,0.000,0.000,0,0
16772,167896,0.076,0.000,0.000,0,0
16773,167906,0.082,0.000,0.000,0,0
16774,167916,0.083,0.000,0.000,0,0
16775,167926,0.080,0.000,0.000,0,0
16776,167936,0.081,0.000,0.000,0,0
16777,167946,0.080,0.000,0.000,0,0
16778,167956,0.084,0.000,0.000,0,0
16779,167966,0.084,0.000,0.000,0,0
16780,167976,0.084,0.000,0.000,0,0
16781,167986,0.083,0.000,0.000,0,0
16782,167996,0.086,0.000,0.000,0,0
16783,168006,0.089,0.000,0.000,0,0
16784,168016,0.089,0.000,0.000,0,0
16785,168026,0.088,0.000,0.000,0,0
16786,168036,0.088,0.000,0.000,0,0
16787,168046,0.089,0.000,0.000,0,0
16788,168056,0.098,0.000,0.000,0,0
16789,168066,0.095,0.000,0.000,0,0
16790,168076,0.095,0.000,0.000,0,0
16791,168086,0.098,0.000,0.000,0,0
16792,168096,0.096,0.000,0.000,0,0
16793,168106,0.096,0.000,0.000,0,0
16794,168116,0.096,0.000,0.000,0,0
16795,168126,0.097,0.000,0.000,0,0
16796,168136,0.092,0.000,0.000,0,0
16797,168146,0.090,0.000,0.000,0,0
16798,168156,0.092,0.000,0.000,0,0
16799,168166,0.092,0.000,0.000,0,0
16800,168176,0.088,0.000,0.000,0,0
16801,168186,0.088,0.000,0.000,0,0
16802,168196,0.081,0.000,0.000,0,0
16803,168206,0.086,0.000,0.000,0,0
16804,168216,0.081,0.000,0.000,0,0
16805,168226,0.082,0.000,0.000,0,0
16806,168236,0.080,0.000,0.000,0,0
16807,168246,0.080,0.000,0.000,0,0
16808,168256,0.083,0.000,0.000,0,0
16809,168266,0.084,0.000,0.000,0,0
16810,168276,0.092,0.000,0.000,0,0
16811,168286,0.097,0.000,0.000,0,0
16812,168296,0.101,0.000,0.000,0,0
16813,168306,0.106,0.000,0.000,0,0
16814,168316,0.112,0.000,0.000,0,0
16815,168326,0.106,0.000,0.000,0,0
16816,168336,0.104,0.000,0.000,0,0
16817,168346,0.103,0.000,0.000,0,0
16818,168356,0.104,0.000,0.000,0,0
16819,168366,0.105,0.000,0.000,0,0
16820,168376,0.102,0.000,0.000,0,0
16821,168386,0.102,0.000,0.000,0,0
16822,168396,0.103,0.000,0.000,0,0
16823,168406,0.099,0.000,0.000,0,0
16824,168416,0.099,0.000,0.000,0,0
16825,168426,0.101,0.000,0.000,0,0
16826,168436,0.098,0.000,0.000,0,0
16827,168446,0.093,0.000,0.000,0,0
16828,168456,0.093,0.000,0.000,0,0
16829,168466,0.093,0.000,0.000,0,0
16830,168476,0.093,0.000,0.000,0,0
16831,168486,0.096,0.000,0.000,0,0
16832,168496,0.093,0.000,0.000,0,0
16833,168506,0.092,0.000,0.000,0,0
16834,168516,0.093,0.000,0.000,0,0
16835,168526,0.096,0.000,0.000,0,0
16836,168536,0.094,0.000,0.000,0,0
16837,168546,0.098,0.000,0.000,0,0
16838,168556,0.099,0.000,0.000,0,0
16839,168566,0.097,0.000,0.000,0,0
16840,168576,0.098,0.000,0.000,0,0
16841,168586,0.104,0.000,0.000,0,0
16842,168596,0.106,0.000,0.000,0,0
16843,168606,0.104,0.000,0.000,0,0
16844,168616,0.102,0.000,0.000,0,0
16845,168626,0.094,0.000,0.000,0,0
16846,168636,0.097,0.000,0.000,0,0
16847,168646,0.095,0.000,0.000,0,0
16848,168656,0.092,0.000,0.000,0,0
16849,168666,0.091,0.000,0.000,0,0
16850,168676,0.094,0.000,0.000,0,0
16851,168686,0.097,0.000,0.000,0,0
16852,168696,0.098,0.000,0.000,0,0
16853,168706,0.100,0.000,0.000,0,0
16854,168716,0.102,0.000,0.000,0,0
16855,168726,0.103,0.000,0.000,0,0
16856,168736,0.105,0.000,0.000,0,0
16857,168746,0.106,0.000,0.000,0,0
16858,168756,0.101,0.000,0.000,0,0
16859,168766,0.100,0.000,0.000,0,0
16860,168776,0.099,0.000,0.000,0,0
16861,168786,0.098,0.000,0.000,0,0
16862,168796,0.095,0.000,0.000,0,0
16863,168806,0.091,0.000,0.000,0,0
16864,168816,0.087,0.000,0.000,0,0
16865,168826,0.084,0.000,0.000,0,0
16866,168836,0.087,0.000,0.000,0,0
16867,168846,0.088,0.000,0.000,0,0
16868,168856,0.089,0.000,0.000,0,0
16869,168866,0.088,0.000,0.000,0,0
16870,168876,0.085,0.000,0.000,0,0
16871,168886,0.083,0.000,0.000,0,0
16872,168896,0.086,0.000,0.000,0,0
16873,168906,0.077,0.000,0.000,0,0
16874,168916,0.079,0.000,0.000,0,0
16875,168926,0.081,0.000,0.000,0,0
16876,168936,0.084,0.000,0.000,0,0
16877,168946,0.086,0.000,0.000,0,0
16878,168956,0.083,0.000,0.000,0,0
16879,168966,0.085,0.000,0.000,0,0
16880,168976,0.081,0.000,0.000,0,0
16881,168986,0.079,0.000,0.000,0,0
16882,168996,0.082,0.000,0.000,0,0
16883,169006,0.078,0.000,0.000,0,0
16884,169016,0.082,0.000,0.000,0,0
16885,169026,0.078,0.000,0.000,0,0
16886,169036,0.085,0.000,0.000,0,0
16887,169046,0.088,0.000,0.000,0,0
16888,169056,0.082,0.000,0.000,0,0
16889,169066,0.081,0.000,0.000,0,0
16890,169076,0.076,0.000,0.000,0,0
16891,169086,0.083,0.000,0.000,0,0
16892,169096,0.087,0.000,0.000,0,0
16893,169106,0.084,0.000,0.000,0,0
16894,169116,0.082,0.000,0.000,0,0
16895,169126,0.080,0.000,0.000,0,0
16896,169136,0.081,0.000,0.000,0,0
16897,169146,0.070,0.000,0.000,0,0
16898,169156,0.071,0.000,0.000,0,0
16899,169166,0.067,0.000,0.000,0,0
16900,169176,0.071,0.000,0.000,0,0
16901,169186,0.076,0.000,0.000,0,0
16902,169196,0.070,0.000,0.000,0,0
16903,169206,0.064,0.000,0.000,0,0
16904,169216,0.062,0.000,0.000,0,0
16905,169226,0.067,0.000,0.000,0,0
16906,169236,0.065,0.000,0.000,0,0
16907,169246,0.064,0.000,0.000,0,0
16908,169256,0.068,0.000,0.000,0,0
16909,169266,0.073,0.000,0.000,0,0
16910,169276,0.071,0.000,0.000,0,0
16911,169286,0.072,0.000,0.000,0,0
16912,169296,0.074,0.000,0.000,0,0
16913,169306,0.076,0.000,0.000,0,0
16914,169316,0.077,0.000,0.000,0,0
16915,169326,0.070,0.000,0.000,0,0
16916,169336,0.064,0.000,0.000,0,0
16917,169346,0.064,0.000,0.000,0,0
16918,169356,0.062,0.000,0.000,0,0
16919,169366,0.066,0.000,0.000,0,0
16920,169376,0.071,0.000,0.000,0,0
16921,169386,0.075,0.000,0.000,0,0
16922,169396,0.073,0.000,0.000,0,0
16923,169406,0.068,0.000,0.000,0,0
16924,169416,0.061,0.000,0.000,0,0
16925,169426,0.064,0.000,0.000,0,0
16926,169436,0.060,0.000,0.000,0,0
16927,169446,0.058,0.000,0.000,0,0
16928,169456,0.061,0.000,0.000,0,0
16929,169466,0.059,0.000,0.000,0,0
16930,169476,0.054,0.000,0.000,0,0
16931,169486,0.049,0.000,0.000,0,0
16932,169496,0.051,0.000,0.000,0,0
16933,169506,0.050,0.000,0.000,0,0
16934,169516,0.049,0.000,0.000,0,0
16935,169526,0.046,0.000,0.000,0,0
16936,169536,0.044,0.000,0.000,0,0
16937,169546,0.049,0.000,0.000,0,0
16938,169556,0.046,0.000,0.000,0,0
16939,169566,0.051,0.000,0.000,0,0
16940,169576,0.049,0.000,0.000,0,0
16941,169586,0.048,0.000,0.000,0,0
16942,169596,0.056,0.000,0.000,0,0
16943,169606,0.055,0.000,0.000,0,0
16944,169616,0.052,0.000,0.000,0,0
16945,169626,0.047,0.000,0.000,0,0
16946,169636,0.051,0.000,0.000,0,0
16947,169646,0.052,0.000,0.000,0,0
16948,169656,0.053,0.000,0.000,0,0
16949,169666,0.058,0.000,0.000,0,0
16950,169676,0.060,0.000,0.000,0,0
16951,169686,0.060,0.000,0.000,0,0
16952,169696,0.063,0.000,0.000,0,0
16953,169706,0.063,0.000,0.000,0,0
16954,169716,0.065,0.000,0.000,0,0
16955,169726,0.062,0.000,0.000,0,0
16956,169736,0.061,0.000,0.000,0,0
16957,169746,0.068,0.000,0.000,0,0
16958,169756,0.071,0.000,0.000,0,0
16959,169766,0.065,0.000,0.000,0,0
16960,169776,0.064,0.000,0.000,0,0
16961,169786,0.065,0.000,0.000,0,0
16962,169796,0.068,0.000,0.000,0,0
16963,169806,0.062,0.000,0.000,0,0
16964,169816,0.056,0.000,0.000,0,0
16965,169826,0.053,0.000,0.000,0,0
16966,169836,0.054,0.000,0.000,0,0
16967,169846,0.054,0.000,0.000,0,0
16968,169856,0.055,0.000,0.000,0,0
16969,169866,0.054,0.000,0.000,0,0
16970,169876,0.063,0.000,0.000,0,0
16971,169886,0.067,0.000,0.000,0,0
16972,169896,0.069,0.000,0.000,0,0
16973,169906,0.069,0.000,0.000,0,0
16974,169916,0.067,0.000,0.000,0,0
16975,169926,0.071,0.000,0.000,0,0
16976,169936,0.069,0.000,0.000,0,0
16977,169946,0.067,0.000,0.000,0,0
16978,169956,0.073,0.000,0.000,0,0
16979,169966,0.075,0.000,0.000,0,0
16980,169976,0.078,0.000,0.000,0,0
16981,169986,0.075,0.000,0.000,0,0
16982,169996,0.073,0.000,0.000,0,0
16983,170006,0.070,0.000,0.000,0,0
16984,170016,0.067,0.000,0.000,0,0
16985,170026,0.074,0.000,0.000,0,0
16986,170036,0.078,0.000,0.000,0,0
16987,170046,0.076,0.000,0.000,0,0
16988,170056,0.078,0.000,0.000,0,0
16989,170066,0.082,0.000,0.000,0,0
16990,170076,0.083,0.000,0.000,0,0
16991,170086,0.075,0.000,0.000,0,0
16992,170096,0.071,0.000,0.000,0,0
16993,170106,0.066,0.000,0.000,0,0
16994,170116,0.066,0.000,0.000,0,0
16995,170126,0.064,0.000,0.000,0,0
16996,170136,0.070,0.000,0.000,0,0
16997,170146,0.071,0.000,0.000,0,0
16998,170156,0.078,0.000,0.000,0,0
16999,170166,0.079,0.000,0.000,0,0
17000,170176,0.079,0.000,0.000,255,255
17001,170186,-0.054,-500.000,600.000,255,255
17002,170196,0.123,-1699.490,1699.490,255,255
17003,170206,0.191,-2501.000,2601.041,255,255
17004,170216,-0.043,-3198.720,3198.720,255,255
17005,170226,-0.013,-3602.161,3602.161,255,255
17006,170236,-0.384,-3997.202,3997.202,255,255
17007,170246,-0.147,-4202.942,4303.012,255,255
17008,170256,0.310,-4396.922,4396.922,255,255
17009,170266,0.272,-4502.702,4602.762,255,255
17010,170276,0.270,-4695.774,4795.684,255,255
17011,170286,0.305,-4805.286,4805.286,255,255
17012,170296,-0.014,-4797.122,4897.062,255,255
17013,170306,0.115,-4903.923,5004.003,255,255
17014,170316,0.122,-4896.573,4996.502,255,255
17015,170326,-0.017,-5001.500,5101.530,255,255
17016,170336,0.174,-4997.001,5096.942,255,255
17017,170346,-0.186,-5002.501,5102.551,255,255
17018,170356,0.032,-5098.471,5198.441,255,255
17019,170366,-0.433,-5100.510,5200.521,255,255
17020,170376,-0.393,-4996.502,5196.363,255,255
17021,170386,0.036,-5106.127,5206.248,255,255
17022,170396,-0.499,-5093.378,5193.249,255,255
17023,170406,-0.304,-5107.662,5207.812,255,255
17024,170416,-0.676,-5192.212,5292.062,255,255
17025,170426,-0.734,-5106.639,5206.769,255,255
17026,170436,-0.264,-5096.942,5296.822,255,255
17027,170446,-0.676,-5101.020,5301.060,255,255
17028,170456,-0.714,-5197.921,5197.921,255,255
17029,170466,-0.687,-5102.041,5302.121,255,255
17030,170476,-0.773,-5097.961,5297.881,255,255
17031,170486,-0.284,-5202.601,5302.651,255,255
17032,170496,-0.242,-5095.923,5295.764,255,255
17033,170506,-0.477,-5103.062,5403.242,255,255
17034,170516,-0.630,-5197.401,5297.351,255,255
17035,170526,-0.421,-5102.551,5302.651,255,255
17036,170536,-0.322,-5200.000,5300.000,255,255
17037,170546,-0.261,-5101.530,5301.590,255,255
17038,170556,-0.107,-5196.882,5396.762,255,255
17039,170566,0.093,-5103.062,5303.182,255,255
17040,170576,-0.136,-5196.363,5296.293,255,255
17041,170586,0.219,-5105.105,5405.405,255,255
17042,170596,0.009,-5194.805,5294.705,255,255
17043,170606,-0.069,-5100.000,5400.000,255,255
17044,170616,0.474,-5202.601,5302.651,255,255
17045,170626,0.295,-5101.530,5301.590,255,255
17046,170636,0.174,-5194.805,5394.605,255,255
17047,170646,0.208,-5101.020,5301.060,255,255
17048,170656,0.152,-5197.921,5297.881,255,255
17049,170666,0.241,-5098.980,5398.920,255,255
17050,170676,0.167,-5203.122,5303.182,255,255
17051,170686,0.008,-5105.105,5405.405,255,255
17052,170696,-0.113,-5191.693,5291.534,255,255
17053,170706,-0.033,-5103.062,5403.242,255,255
17054,170716,0.243,-5195.843,5295.764,255,255
17055,170726,-0.100,-5106.639,5306.899,255,255
17056,170736,0.022,-5195.843,5395.684,255,255
17057,170746,-0.144,-5106.127,5306.368,255,255
17058,170756,-0.226,-5095.414,5395.145,255,255
17059,170766,0.341,-5203.122,5303.182,255,255
17060,170776,-0.084,-5097.961,5297.881,255,255
17061,170786,-0.184,-5201.561,5401.621,255,255
17062,170796,0.121,-5097.451,5297.351,255,255
17063,170806,0.027,-5201.561,5401.621,255,255
17064,170816,0.431,-5099.490,5299.470,255,255
17065,170826,0.365,-5199.480,5399.460,255,255
17066,170836,0.344,-5101.020,5301.060,255,255
17067,170846,0.556,-5200.000,5300.000,255,255
17068,170856,0.451,-5097.961,5397.841,255,255
17069,170866,0.322,-5104.594,5304.774,255,255
17070,170876,-0.182,-5192.212,5391.912,255,255
17071,170886,0.139,-5208.333,5308.494,255,255
17072,170896,0.383,-5094.905,5394.605,255,255
17073,170906,0.023,-5206.769,5306.899,255,255
17074,170916,0.343,-5092.870,5392.450,255,255
17075,170926,0.052,-5203.643,5303.712,255,255
17076,170936,0.056,-5098.471,5298.411,255,255
17077,170946,0.564,-5195.324,5395.145,255,255
17078,170956,0.388,-5105.105,5305.305,255,255
17079,170966,0.252,-5201.040,5401.080,255,255
17080,170976,0.433,-5098.980,5298.940,255,255
17081,170986,0.519,-5201.561,5401.621,255,255
17082,170996,0.697,-5196.363,5296.293,255,255
17083,171006,0.560,-5105.105,5405.405,255,255
17084,171016,0.193,-5193.249,5293.119,255,255
17085,171026,0.256,-5104.083,5304.244,255,255
17086,171036,0.448,-5195.324,5395.145,255,255
17087,171046,0.435,-5106.639,5306.899,255,255
17088,171056,-0.012,-5193.768,5393.528,255,255
17089,171066,0.178,-5108.173,5308.494,255,255
17090,171076,0.295,-5195.843,5395.684,255,255
17091,171086,-0.152,-5201.561,5301.590,255,255
17092,171096,0.095,-5097.961,5397.841,255,255
17093,171106,-0.095,-5202.081,5302.121,255,255
17094,171116,-0.048,-5195.843,5295.764,255,255
17095,171126,0.375,-5105.105,5405.405,255,255
17096,171136,0.192,-5197.921,5297.881,255,255
17097,171146,0.113,-5195.843,5395.684,255,255
17098,171156,0.103,-5102.551,5302.651,255,255
17099,171166,0.080,-5201.040,5401.080,255,255
17100,171176,0.360,-5194.805,5294.705,255,255
17101,171186,0.241,-5204.684,5404.864,255,255
17102,171196,0.181,-5100.510,5300.530,255,255
17103,171206,0.147,-5199.480,5399.460,255,255
17104,171216,0.322,-5199.480,5299.470,255,255
17105,171226,0.381,-5102.551,5302.651,255,255
17106,171236,0.051,-5196.882,5396.762,255,255
17107,171246,0.296,-5201.561,5301.590,255,255
17108,171256,0.532,-5098.980,5398.920,255,255
17109,171266,0.207,-5203.122,5303.182,255,255
17110,171276,0.523,-5194.287,5394.067,255,255
17111,171286,0.407,-5107.662,5307.962,255,255
17112,171296,0.294,-5194.287,5294.177,255,255
17113,171306,0.323,-5200.521,5400.541,255,255
17114,171316,0.269,-5100.510,5300.530,255,255
17115,171326,0.119,-5200.000,5400.000,255,255
17116,171336,0.558,-5198.960,5298.940,255,255
17117,171346,0.510,-5101.020,5401.080,255,255
17118,171356,0.195,-5200.521,5300.530,255,255
17119,171366,0.143,-5200.521,5300.530,255,255
17120,171376,0.219,-5192.212,5391.912,255,255
17121,171386,0.212,-5110.221,5310.622,255,255
17122,171396,-0.087,-5195.843,5395.684,255,255
17123,171406,0.317,-5197.921,5297.881,255,255
17124,171416,0.445,-5200.000,5400.000,255,255
17125,171426,0.315,-5105.616,5305.836,255,255
17126,171436,0.611,-5194.805,5294.705,255,255
17127,171446,0.270,-5206.248,5406.488,255,255
17128,171456,0.310,-5195.843,5295.764,255,255
17129,171466,0.780,-5102.551,5402.701,255,255
17130,171476,0.434,-5196.882,5296.822,255,255
17131,171486,0.314,-5195.843,5395.684,255,255
17132,171496,0.374,-5205.727,5305.836,255,255
17133,171506,-0.001,-5098.471,5398.381,255,255
17134,171516,0.161,-5199.480,5299.470,255,255
17135,171526,0.066,-5202.601,5302.651,255,255
17136,171536,-0.204,-5197.921,5397.841,255,255
17137,171546,0.075,-5103.062,5303.182,255,255
17138,171556,0.198,-5192.212,5391.912,255,255
17139,171566,-0.122,-5206.248,5306.368,255,255
17140,171576,-0.336,-5196.882,5396.762,255,255
17141,171586,-0.066,-5104.083,5304.244,255,255
17142,171596,0.044,-5197.921,5297.881,255,255
17143,171606,-0.238,-5201.040,5401.080,255,255
17144,171616,-0.127,-5197.401,5297.351,255,255
17145,171626,-0.190,-5199.480,5399.460,255,255
17146,171636,-0.162,-5097.961,5297.881,255,255
17147,171646,0.209,-5203.122,5403.242,255,255
17148,171656,-0.139,-5201.040,5301.060,255,255
17149,171666,-0.164,-5204.164,5304.244,255,255
17150,171676,0.138,-5095.923,5395.684,255,255
17151,171686,-0.185,-5201.561,5301.590,255,255
17152,171696,-0.202,-5196.363,5396.223,255,255
17153,171706,-0.235,-5206.769,5306.899,255,255
17154,171716,-0.372,-5193.768,5393.528,255,255
17155,171726,-0.021,-5104.083,5304.244,255,255
17156,171736,-0.135,-5196.882,5396.762,255,255
17157,171746,-0.340,-5201.561,5301.590,255,255
17158,171756,-0.300,-5192.730,5392.450,255,255
17159,171766,-0.275,-5208.333,5308.494,255,255
17160,171776,-0.336,-5098.471,5298.411,255,255
17161,171786,-0.592,-5203.122,5403.242,255,255
17162,171796,-0.412,-5194.287,5294.177,255,255
17163,171806,-0.289,-5204.684,5404.864,255,255
17164,171816,-0.550,-5198.441,5298.411,255,255
17165,171826,-0.253,-5099.490,5299.470,255,255
17166,171836,-0.529,-5199.480,5399.460,255,255
17167,171846,-0.444,-5199.480,5299.470,255,255
17168,171856,0.058,-5191.693,5391.374,255,255
17169,171866,-0.375,-5106.639,5306.899,255,255
17170,171876,-0.239,-5201.561,5401.621,255,255
17171,171886,0.055,-5202.601,5302.651,255,255
17172,171896,-0.122,-5196.882,5396.762,255,255
17173,171906,0.077,-5204.684,5304.774,255,255
17174,171916,0.165,-5195.324,5295.234,255,255
17175,171926,0.037,-5102.551,5402.701,255,255
17176,171936,0.289,-5198.960,5298.940,255,255
17177,171946,0.349,-5203.122,5403.242,255,255
17178,171956,0.023,-5196.882,5296.822,255,255
17179,171966,-0.174,-5202.081,5402.161,255,255
17180,171976,0.055,-5194.805,5294.705,255,255
17181,171986,0.180,-5103.573,5403.783,255,255
17182,171996,-0.175,-5199.480,5299.470,255,255
17183,172006,0.013,-5200.521,5300.530,255,255
17184,172016,0.061,-5198.960,5398.920,255,255
17185,172026,-0.215,-5202.081,5302.121,255,255
17186,172036,-0.108,-5197.401,5397.301,255,255
17187,172046,0.302,-5204.164,5304.244,255,255
17188,172056,0.071,-5193.249,5392.989,255,255
17189,172066,0.147,-5205.727,5305.836,255,255
17190,172076,0.001,-5196.363,5396.223,255,255
17191,172086,-0.213,-5102.551,5302.651,255,255
17192,172096,0.046,-5197.921,5397.841,255,255
17193,172106,-0.150,-5201.561,5301.590,255,255
17194,172116,-0.556,-5195.324,5295.234,255,255
17195,172126,-0.261,-5204.684,5404.864,255,255
17196,172136,-0.185,-5198.441,5298.411,255,255
17197,172146,-0.339,-5200.521,5400.541,255,255
17198,172156,-0.456,-5198.441,5298.411,255,255
17199,172166,-0.200,-5202.081,5402.161,255,255
17200,172176,-0.107,-5200.521,5300.530,255,255
17201,172186,-0.249,-5201.040,5401.080,255,255
17202,172196,-0.211,-5297.351,5297.351,255,255
17203,172206,-0.339,-5202.081,5402.161,255,255
17204,172216,-0.420,-5195.843,5295.764,255,255
17205,172226,-0.240,-5205.205,5305.305,255,255
17206,172236,-0.646,-5196.882,5396.762,255,255
17207,172246,-0.473,-5200.521,5300.530,255,255
17208,172256,-0.186,-5198.960,5398.920,255,255
17209,172266,-0.692,-5200.000,5300.000,255,255
17210,172276,-0.633,-5199.480,5399.460,255,255
17211,172286,-0.553,-5203.643,5303.712,255,255
17212,172296,-0.839,-5197.401,5397.301,255,255
17213,172306,-0.617,-5204.684,5304.774,255,255
17214,172316,-0.610,-5195.324,5395.145,255,255
17215,172326,-0.762,-5204.164,5304.244,255,255
17216,172336,-0.439,-5193.768,5393.528,255,255
17217,172346,-0.538,-5202.601,5302.651,255,255
17218,172356,-0.922,-5201.040,5301.060,255,255
17219,172366,-0.974,-5202.081,5402.161,255,255
17220,172376,-0.852,-5194.805,5294.705,255,255
17221,172386,-1.165,-5205.205,5405.405,255,255
17222,172396,-1.395,-5196.363,5296.293,255,255
17223,172406,-1.236,-5203.643,5403.783,255,255
17224,172416,-1.187,-5195.324,5295.234,255,255
17225,172426,-1.296,-5203.122,5403.242,255,255
17226,172436,-1.022,-5198.441,5298.411,255,255
17227,172446,-1.180,-5203.122,5403.242,255,255
17228,172456,-1.288,-5196.363,5296.293,255,255
17229,172466,-1.002,-5203.122,5403.242,255,255
17230,172476,-1.351,-5196.882,5296.822,255,255
17231,172486,-1.216,-5204.684,5304.774,255,255
17232,172496,-0.822,-5194.805,5394.605,255,255
17233,172506,-1.207,-5203.122,5303.182,255,255
17234,172516,-1.009,-5096.433,5396.223,255,255
17235,172526,-0.941,-5203.122,5303.182,255,255
17236,172536,-1.083,-5193.768,5393.528,255,255
17237,172546,-0.913,-5204.684,5304.774,255,255
17238,172556,-1.023,-5201.040,5401.080,255,255
17239,172566,-1.333,-5199.480,5299.470,255,255
17240,172576,-1.231,-5195.843,5395.684,255,255
17241,172586,-1.200,-5205.727,5305.836,255,255
17242,172596,-1.411,-5196.882,5396.762,255,255
17243,172606,-1.460,-5204.684,5304.774,255,255
17244,172616,-1.265,-5195.843,5395.684,255,255
17245,172626,-0.999,-5101.530,5301.590,255,255
17246,172636,-1.189,-5198.960,5298.940,255,255
17247,172646,-1.029,-5198.441,5398.381,255,255
17248,172656,-1.154,-5202.081,5302.121,255,255
17249,172666,-1.247,-5201.040,5401.080,255,255
17250,172676,-1.052,-5193.768,5293.647,255,255
17251,172686,-1.358,-5205.205,5405.405,255,255
17252,172696,-1.525,-5098.980,5298.940,255,255
17253,172706,-1.172,-5202.081,5402.161,255,255
17254,172716,-1.422,-5197.401,5297.351,255,255
17255,172726,-1.434,-5204.684,5304.774,255,255
17256,172736,-1.439,-5196.882,5396.762,255,255
17257,172746,-1.644,-5201.561,5301.590,255,255
17258,172756,-1.401,-5196.882,5396.762,255,255
17259,172766,-1.282,-5204.164,5304.244,255,255
17260,172776,-1.205,-5094.396,5394.067,255,255
17261,172786,-1.126,-5204.684,5304.774,255,255
17262,172796,-1.180,-5195.843,5395.684,255,255
17263,172806,-1.046,-5206.248,5306.368,255,255
17264,172816,-0.929,-5194.805,5294.705,255,255
17265,172826,-0.943,-5198.441,5398.381,255,255
17266,172836,-0.834,-5201.040,5301.060,255,255
17267,172846,-0.968,-5102.041,5402.161,255,255
17268,172856,-0.761,-5197.921,5297.881,255,255
17269,172866,-0.472,-5203.643,5403.783,255,255
17270,172876,-0.827,-5193.768,5293.647,255,255
17271,172886,-0.687,-5206.248,5306.368,255,255
17272,172896,-0.566,-5097.961,5397.841,255,255
17273,172906,-0.716,-5203.122,5303.182,255,255
17274,172916,-0.561,-5194.287,5394.067,255,255
17275,172926,-0.785,-5203.643,5303.712,255,255
17276,172936,-0.891,-5194.805,5394.605,255,255
17277,172946,-0.518,-5207.812,5307.962,255,255
17278,172956,-0.496,-5090.836,5390.297,255,255
17279,172966,-0.606,-5206.248,5306.368,255,255
17280,172976,-0.801,-5199.480,5399.460,255,255
17281,172986,-0.684,-5202.081,5302.121,255,255
17282,172996,-0.548,-5095.414,5395.145,255,255
17283,173006,-0.748,-5205.205,5305.305,255,255
17284,173016,-0.629,-5195.843,5295.764,255,255
17285,173026,-0.868,-5201.561,5401.621,255,255
17286,173036,-0.718,-5198.441,5298.411,255,255
17287,173046,-0.657,-5100.510,5400.541,255,255
17288,173056,-1.105,-5202.081,5302.121,255,255
17289,173066,-0.863,-5201.561,5401.621,255,255
17290,173076,-0.497,-5196.882,5296.822,255,255
17291,173086,-0.742,-5103.062,5403.242,255,255
17292,173096,-0.631,-5199.480,5299.470,255,255
17293,173106,-0.574,-5200.521,5400.541,255,255
17294,173116,-0.724,-5194.287,5294.177,255,255
17295,173126,-0.352,-5103.573,5403.783,255,255
17296,173136,-0.456,-5198.960,5298.940,255,255
17297,173146,-0.807,-5201.561,5401.621,255,255
17298,173156,-0.563,-5198.960,5298.940,255,255
17299,173166,-0.532,-5201.040,5401.080,255,255
17300,173176,-0.697,-5098.980,5298.940,255,255
17301,173186,-0.835,-5202.081,5402.161,255,255
17302,173196,-0.660,-5196.363,5296.293,255,255
17303,173206,-0.564,-5202.601,5302.651,255,255
17304,173216,-0.820,-5196.882,5396.762,255,255
17305,173226,-0.724,-5104.594,5304.774,255,255
17306,173236,-0.928,-5197.921,5397.841,255,255
17307,173246,-0.907,-5202.081,5302.121,255,255
17308,173256,-0.557,-5194.287,5394.067,255,255
17309,173266,-0.899,-5203.122,5303.182,255,255
17310,173276,-0.969,-5096.942,5396.762,255,255
17311,173286,-0.834,-5205.727,5305.836,255,255
17312,173296,-1.110,-5191.693,5391.374,255,255
17313,173306,-1.017,-5208.855,5309.025,255,255
17314,173316,-1.148,-5192.730,5392.450,255,255
17315,173326,-1.149,-5105.616,5305.836,255,255
17316,173336,-0.794,-5193.768,5393.528,255,255
17317,173346,-0.894,-5207.812,5307.962,255,255
17318,173356,-1.163,-5194.805,5394.605,255,255
17319,173366,-1.017,-5203.122,5303.182,255,255
17320,173376,-0.671,-5097.451,5397.301,255,255
17321,173386,-0.650,-5203.643,5303.712,255,255
17322,173396,-0.613,-5196.882,5396.762,255,255
17323,173406,-0.416,-5201.561,5301.590,255,255
17324,173416,-0.401,-5196.363,5396.223,255,255
17325,173426,-0.524,-5203.643,5303.712,255,255
17326,173436,-0.292,-5197.921,5297.881,255,255
17327,173446,-0.527,-5103.062,5403.242,255,255
17328,173456,-0.601,-5196.363,5296.293,255,255
17329,173466,-0.185,-5202.601,5402.701,255,255
17330,173476,-0.505,-5199.480,5299.470,255,255
17331,173486,-0.472,-5200.521,5400.541,255,255
17332,173496,-0.117,-5198.960,5298.940,255,255
17333,173506,-0.452,-5203.122,5403.242,255,255
17334,173516,-0.531,-5191.693,5291.534,255,255
17335,173526,-0.344,-5205.727,5405.947,255,255
17336,173536,-0.433,-5101.020,5301.060,255,255
17337,173546,-0.513,-5198.960,5398.920,255,255
17338,173556,-0.539,-5200.000,5300.000,255,255
17339,173566,-0.351,-5200.000,5400.000,255,255
17340,173576,-0.061,-5201.561,5301.590,255,255
17341,173586,-0.010,-5197.921,5297.881,255,255
17342,173596,-0.081,-5200.521,5400.541,255,255
17343,173606,-0.193,-5201.040,5301.060,255,255
17344,173616,-0.079,-5097.961,5397.841,255,255
17345,173626,0.244,-5204.164,5304.244,255,255
17346,173636,-0.110,-5194.287,5394.067,255,255
17347,173646,0.098,-5206.769,5306.899,255,255
17348,173656,0.432,-5193.768,5393.528,255,255
17349,173666,0.242,-5203.643,5303.712,255,255
17350,173676,0.316,-5197.401,5397.301,255,255
17351,173686,0.270,-5204.684,5304.774,255,255
17352,173696,0.285,-5193.768,5393.528,255,255
17353,173706,0.630,-5105.105,5305.305,255,255
17354,173716,0.483,-5196.363,5296.293,255,255
17355,173726,0.559,-5204.164,5404.324,255,255
17356,173736,0.681,-5195.843,5295.764,255,255
17357,173746,0.612,-5203.643,5403.783,255,255
17358,173756,0.593,-5197.921,5297.881,255,255
17359,173766,0.543,-5198.441,5398.381,255,255
17360,173776,0.612,-5201.561,5301.590,255,255
17361,173786,0.734,-5201.561,5401.621,255,255
17362,173796,0.688,-5197.921,5297.881,255,255
17363,173806,0.699,-5200.521,5400.541,255,255
17364,173816,0.443,-5201.561,5301.590,255,255
17365,173826,0.477,-5200.521,5400.541,255,255
17366,173836,0.786,-5200.000,5300.000,255,255
17367,173846,0.578,-5198.960,5298.940,255,255
17368,173856,0.680,-5192.212,5391.912,255,255
17369,173866,1.043,-5210.943,5311.153,255,255
17370,173876,0.724,-5192.730,5392.450,255,255
17371,173886,0.744,-5205.727,5305.836,255,255
17372,173896,0.913,-5291.534,5391.374,255,255
17373,173906,0.704,-5209.377,5309.557,255,255
17374,173916,0.963,-5195.324,5295.234,255,255
17375,173926,0.906,-5201.040,5401.080,255,255
17376,173936,0.748,-5200.000,5300.000,255,255
17377,173946,1.056,-5199.480,5399.460,255,255
17378,173956,1.033,-5201.040,5301.060,255,255
17379,173966,0.917,-5200.000,5400.000,255,255
17380,173976,1.000,-5200.000,5300.000,255,255
17381,173986,1.046,-5194.287,5394.067,255,255
17382,173996,1.155,-5202.081,5302.121,255,255
17383,174006,0.980,-5201.040,5401.080,255,255
17384,174016,1.070,-5201.040,5301.060,255,255
17385,174026,1.337,-5202.601,5402.701,255,255
17386,174036,1.279,-5196.882,5296.822,255,255
17387,174046,1.498,-5205.205,5305.305,255,255
17388,174056,1.227,-5195.324,5395.145,255,255
17389,174066,1.151,-5202.601,5302.651,255,255
17390,174076,1.397,-5196.363,5396.223,255,255
17391,174086,1.038,-5203.643,5303.712,255,255
17392,174096,1.244,-5294.705,5394.605,255,255
17393,174106,1.562,-5204.684,5304.774,255,255
17394,174116,1.134,-5195.843,5395.684,255,255
17395,174126,1.293,-5205.205,5305.305,255,255
17396,174136,1.273,-5195.324,5395.145,255,255
17397,174146,0.995,-5203.122,5303.182,255,255
17398,174156,1.209,-5195.843,5395.684,255,255
17399,174166,0.826,-5205.205,5305.305,255,255
17400,174176,0.747,-5295.764,5395.684,255,255
17401,174186,1.161,-5203.643,5303.712,255,255
17402,174196,1.052,-5197.401,5397.301,255,255
17403,174206,0.835,-5205.205,5305.305,255,255
17404,174216,1.021,-5194.805,5294.705,255,255
17405,174226,1.135,-5202.081,5402.161,255,255
17406,174236,0.977,-5197.401,5297.351,255,255
17407,174246,1.176,-5197.921,5397.841,255,255
17408,174256,1.220,-5302.121,5302.121,255,255
17409,174266,1.133,-5203.122,5403.242,255,255
17410,174276,0.890,-5199.480,5299.470,255,255
17411,174286,1.027,-5202.081,5402.161,255,255
17412,174296,1.307,-5194.287,5294.177,255,255
17413,174306,1.064,-5201.561,5401.621,255,255
17414,174316,1.275,-5201.040,5301.060,255,255
17415,174326,1.430,-5201.040,5401.080,255,255
17416,174336,1.140,-5197.921,5297.881,255,255
17417,174346,1.376,-5204.684,5404.864,255,255
17418,174356,1.307,-5194.805,5294.705,255,255
17419,174366,1.119,-5202.601,5402.701,255,255
17420,174376,1.510,-5297.881,5297.881,255,255
17421,174386,1.242,-5202.601,5402.701,255,255
17422,174396,1.111,-5195.324,5295.234,255,255
17423,174406,1.467,-5204.164,5404.324,255,255
17424,174416,1.284,-5198.960,5298.940,255,255
17425,174426,1.281,-5198.441,5398.381,255,255
17426,174436,1.233,-5200.521,5300.530,255,255
17427,174446,1.185,-5205.205,5305.305,255,255
17428,174456,1.503,-5195.324,5395.145,255,255
17429,174466,1.350,-5202.081,5302.121,255,255
17430,174476,1.372,-5196.882,5396.762,255,255
17431,174486,1.575,-5202.601,5302.651,255,255
17432,174496,1.587,-5293.647,5393.528,255,255
17433,174506,1.634,-5102.551,5302.651,255,255
17434,174516,1.369,-5302.121,5402.161,255,255
17435,174526,1.715,-5101.530,5301.590,255,255
17436,174536,2.010,-5297.351,5397.301,255,255
17437,174546,1.616,-5203.643,5303.712,255,255
17438,174556,1.739,-5194.805,5394.605,255,255
17439,174566,1.753,-5206.769,5306.899,255,255
17440,174576,1.503,-5189.621,5389.222,255,255
17441,174586,1.697,-5211.465,5311.686,255,255
17442,174596,1.542,-5193.249,5392.989,255,255
17443,174606,1.328,-5204.164,5304.244,255,255
17444,174616,1.705,-5197.921,5397.841,255,255
17445,174626,1.505,-5199.480,5299.470,255,255
17446,174636,1.344,-5198.960,5398.920,255,255
17447,174646,1.668,-5202.081,5302.121,255,255
17448,174656,1.540,-5197.401,5297.351,255,255
17449,174666,1.481,-5204.684,5404.864,255,255
17450,174676,1.494,-5196.363,5296.293,255,255
17451,174686,1.669,-5200.521,5400.541,255,255
17452,174696,2.024,-5199.480,5299.470,255,255
17453,174706,1.828,-5201.561,5401.621,255,255
17454,174716,1.882,-5200.000,5300.000,255,255
17455,174726,1.982,-5203.122,5403.242,255,255
17456,174736,2.092,-5196.363,5296.293,255,255
17457,174746,2.195,-5203.122,5303.182,255,255
17458,174756,1.822,-5196.882,5396.762,255,255
17459,174766,1.967,-5203.122,5303.182,255,255
17460,174776,2.233,-5189.103,5388.684,255,255
17461,174786,1.767,-5204.684,5304.774,255,255
17462,174796,1.907,-5198.960,5398.920,255,255
17463,174806,2.001,-5205.205,5305.305,255,255
17464,174816,1.636,-5197.401,5397.301,255,255
17465,174826,1.843,-5200.521,5300.530,255,255
17466,174836,1.682,-5195.324,5395.145,255,255
17467,174846,1.419,-5206.769,5306.899,255,255
17468,174856,1.806,-5199.480,5299.470,255,255
17469,174866,1.632,-5201.040,5401.080,255,255
17470,174876,1.353,-5098.471,5298.411,255,255
17471,174886,1.399,-5195.843,5395.684,255,255
17472,174896,1.435,-5204.684,5304.774,255,255
17473,174906,1.512,-5201.561,5401.621,255,255
17474,174916,1.320,-5198.441,5298.411,255,255
17475,174926,1.300,-5202.601,5402.701,255,255
17476,174936,1.223,-5195.843,5295.764,255,255
17477,174946,1.141,-5202.081,5402.161,255,255
17478,174956,1.252,-5197.921,5297.881,255,255
17479,174966,1.264,-5104.594,5404.864,255,255
17480,174976,1.067,-5195.843,5295.764,255,255
17481,174986,1.159,-5200.521,5400.541,255,255
17482,174996,0.733,-5197.401,5297.351,255,255
17483,175006,0.786,-5205.727,5305.836,255,255
17484,175016,1.343,-5194.805,5394.605,255,255
17485,175026,0.926,-5203.122,5403.242,255,255
17486,175036,0.871,-5198.960,5298.940,255,255
17487,175046,1.112,-5102.551,5302.651,255,255
17488,175056,0.742,-5195.843,5395.684,255,255
17489,175066,0.593,-5204.164,5304.244,255,255
17490,175076,0.621,-5199.480,5399.460,255,255
17491,175086,0.656,-5196.882,5296.822,255,255
17492,175096,0.906,-5199.480,5399.460,255,255
17493,175106,0.896,-5102.551,5302.651,255,255
17494,175116,0.845,-5195.843,5395.684,255,255
17495,175126,0.617,-5205.205,5305.305,255,255
17496,175136,0.727,-5196.363,5396.223,255,255
17497,175146,0.959,-5202.601,5302.651,255,255
17498,175156,0.448,-5194.287,5394.067,255,255
17499,175166,0.564,-5107.662,5307.962,255,255
17500,175176,0.858,-5193.768,5393.528,255,255
17501,175186,0.639,-5205.727,5305.836,255,255
17502,175196,0.939,-5196.363,5396.223,255,255
17503,175206,0.681,-5204.684,5304.774,255,255
17504,175216,0.745,-5194.287,5394.067,255,255
17505,175226,1.227,-5104.083,5304.244,255,255
17506,175236,1.014,-5197.401,5397.301,255,255
17507,175246,0.794,-5201.561,5301.590,255,255
17508,175256,0.926,-5196.882,5396.762,255,255
17509,175266,0.901,-5203.122,5303.182,255,255
17510,175276,1.025,-5100.510,5400.541,255,255
17511,175286,0.975,-5201.561,5301.590,255,255
17512,175296,1.082,-5196.882,5396.762,255,255
17513,175306,1.226,-5203.122,5303.182,255,255
17514,175316,1.266,-5195.324,5295.234,255,255
17515,175326,1.152,-5102.551,5402.701,255,255
17516,175336,0.801,-5198.441,5298.411,255,255
17517,175346,1.152,-5200.521,5400.541,255,255
17518,175356,1.431,-5199.480,5299.470,255,255
17519,175366,1.060,-5204.164,5404.324,255,255
17520,175376,1.252,-5095.414,5295.234,255,255
17521,175386,1.367,-5198.441,5398.381,255,255
17522,175396,1.009,-5203.122,5303.182,255,255
17523,175406,1.296,-5201.040,5401.080,255,255
17524,175416,1.032,-5198.441,5298.411,255,255
17525,175426,0.838,-5199.480,5399.460,255,255
17526,175436,1.244,-5099.490,5299.470,255,255
17527,175446,1.141,-5200.000,5400.000,255,255
17528,175456,0.903,-5201.040,5301.060,255,255
17529,175466,0.942,-5201.040,5401.080,255,255
17530,175476,0.954,-5200.521,5300.530,255,255
17531,175486,1.162,-5194.805,5394.605,255,255
17532,175496,1.123,-5203.122,5303.182,255,255
17533,175506,1.285,-5196.363,5396.223,255,255
17534,175516,1.463,-5102.551,5302.651,255,255
17535,175526,1.238,-5202.601,5402.701,255,255
17536,175536,1.303,-5197.921,5297.881,255,255
17537,175546,0.948,-5201.040,5401.080,255,255
17538,175556,1.194,-5199.480,5299.470,255,255
17539,175566,1.681,-5204.684,5404.864,255,255
17540,175576,1.402,-5195.324,5295.234,255,255
17541,175586,1.534,-5102.041,5402.161,255,255
17542,175596,1.682,-5198.441,5298.411,255,255
17543,175606,1.435,-5197.401,5397.301,255,255
17544,175616,1.701,-5202.601,5302.651,255,255
17545,175626,1.578,-5197.401,5397.301,255,255
17546,175636,1.456,-5201.561,5301.590,255,255
17547,175646,1.691,-5202.081,5402.161,255,255
17548,175656,1.602,-5200.521,5300.530,255,255
17549,175666,1.332,-5199.480,5399.460,255,255
17550,175676,1.172,-5197.401,5297.351,255,255
17551,175686,1.183,-5205.205,5405.405,255,255
17552,175696,1.086,-5196.363,5296.293,255,255
17553,175706,0.939,-5201.561,5401.621,255,255
17554,175716,0.986,-5199.480,5299.470,255,255
17555,175726,0.977,-5201.561,5401.621,255,255
17556,175736,0.723,-5197.401,5297.351,255,255
17557,175746,0.946,-5103.573,5403.783,255,255
17558,175756,1.118,-5295.764,5295.764,255,255
17559,175766,0.827,-5096.942,5396.762,255,255
17560,175776,0.976,-5203.643,5303.712,255,255
17561,175786,0.773,-5196.363,5396.223,255,255
17562,175796,0.754,-5204.164,5304.244,255,255
17563,175806,1.219,-5202.601,5402.701,255,255
17564,175816,0.967,-5197.401,5297.351,255,255
17565,175826,0.789,-5201.561,5401.621,255,255
17566,175836,1.206,-5196.882,5296.822,255,255
17567,175846,0.927,-5203.643,5403.783,255,255
17568,175856,0.691,-5196.363,5296.293,255,255
17569,175866,0.788,-5205.727,5405.947,255,255
17570,175876,0.801,-5195.843,5295.764,255,255
17571,175886,0.883,-5202.601,5402.701,255,255
17572,175896,0.880,-5196.882,5296.822,255,255
17573,175906,0.916,-5202.081,5402.161,255,255
17574,175916,0.859,-5197.921,5297.881,255,255
17575,175926,0.840,-5201.561,5401.621,255,255
17576,175936,0.802,-5198.441,5298.411,255,255
17577,175946,0.300,-5200.000,5400.000,255,255
17578,175956,0.350,-5200.000,5300.000,255,255
17579,175966,0.603,-5301.590,5401.621,255,255
17580,175976,0.209,-5197.921,5297.881,255,255
17581,175986,0.431,-5203.122,5303.182,255,255
17582,175996,0.624,-5194.287,5394.067,255,255
17583,176006,0.277,-5205.205,5305.305,255,255
17584,176016,0.589,-5195.324,5395.145,255,255
17585,176026,0.607,-5205.727,5305.836,255,255
17586,176036,0.354,-5191.693,5391.374,255,255
17587,176046,0.646,-5208.333,5308.494,255,255
17588,176056,0.518,-5291.005,5390.835,255,255
17589,176066,0.340,-5206.248,5306.368,255,255
17590,176076,0.663,-5200.521,5400.541,255,255
17591,176086,0.458,-5202.601,5302.651,255,255
17592,176096,0.198,-5195.843,5395.684,255,255
17593,176106,0.339,-5202.601,5302.651,255,255
17594,176116,0.387,-5296.293,5396.223,255,255
17595,176126,0.269,-5205.205,5305.305,255,255
17596,176136,0.236,-5194.805,5394.605,255,255
17597,176146,0.398,-5205.727,5305.836,255,255
17598,176156,0.482,-5194.805,5394.605,255,255
17599,176166,0.416,-5203.122,5303.182,255,255
17600,176176,0.425,-5195.324,5395.145,255,255
17601,176186,0.227,-5304.774,5304.774,255,255
17602,176196,0.299,-5195.843,5395.684,255,255
17603,176206,0.610,-5205.205,5305.305,255,255
17604,176216,0.297,-5195.843,5395.684,255,255
17605,176226,0.475,-5202.081,5302.121,255,255
17606,176236,0.948,-5297.881,5297.881,255,255
17607,176246,0.639,-5203.643,5403.783,255,255
17608,176256,0.671,-5196.363,5296.293,255,255
17609,176266,0.823,-5203.643,5403.783,255,255
17610,176276,0.583,-5195.843,5295.764,255,255
17611,176286,0.785,-5204.164,5404.324,255,255
17612,176296,0.772,-5297.351,5297.351,255,255
17613,176306,0.427,-5200.521,5400.541,255,255
17614,176316,0.952,-5197.921,5297.881,255,255
17615,176326,0.937,-5205.727,5405.947,255,255
17616,176336,0.540,-5194.805,5294.705,255,255
17617,176346,0.767,-5202.081,5402.161,255,255
17618,176356,0.774,-5197.401,5297.351,255,255
17619,176366,0.531,-5204.684,5404.864,255,255
17620,176376,0.434,-5296.822,5296.822,255,255
17621,176386,0.580,-5202.081,5402.161,255,255
17622,176396,0.610,-5195.843,5295.764,255,255
17623,176406,0.286,-5205.205,5405.405,255,255
17624,176416,0.420,-5196.882,5296.822,255,255
17625,176426,0.489,-5201.561,5401.621,255,255
17626,176436,0.097,-5197.401,5297.351,255,255
17627,176446,0.296,-5204.164,5404.324,255,255
17628,176456,0.464,-5294.705,5294.705,255,255
17629,176466,0.183,-5202.601,5402.701,255,255
17630,176476,0.507,-5196.882,5296.822,255,255
17631,176486,0.503,-5205.727,5305.836,255,255
17632,176496,0.352,-5197.921,5397.841,255,255
17633,176506,0.716,-5201.561,5301.590,255,255
17634,176516,0.397,-5296.293,5396.223,255,255
17635,176526,0.294,-5202.601,5302.651,255,255
17636,176536,0.725,-5194.805,5394.605,255,255
17637,176546,0.640,-5205.727,5305.836,255,255
17638,176556,0.560,-5198.960,5398.920,255,255
17639,176566,0.631,-5200.521,5300.530,255,255
17640,176576,0.666,-5195.843,5395.684,255,255
17641,176586,0.780,-5204.164,5304.244,255,255
17642,176596,0.759,-5188.585,5388.146,255,255
17643,176606,0.710,-5214.078,5314.349,255,255
17644,176616,0.772,-5191.175,5390.835,255,255
17645,176626,0.823,-5308.494,5308.494,255,255
17646,176636,0.800,-5191.175,5390.835,255,255
17647,176646,0.603,-5204.684,5304.774,255,255
17648,176656,0.780,-5196.882,5396.762,255,255
17649,176666,0.894,-5205.205,5305.305,255,255
17650,176676,0.638,-5197.401,5397.301,255,255
17651,176686,0.923,-5204.164,5304.244,255,255
17652,176696,1.257,-5196.882,5396.762,255,255
17653,176706,1.026,-5204.164,5304.244,255,255
17654,176716,1.140,-5194.805,5394.605,255,255
17655,176726,1.152,-5203.643,5303.712,255,255
17656,176736,1.032,-5196.882,5396.762,255,255
17657,176746,1.352,-5204.684,5304.774,255,255
17658,176756,1.221,-5195.324,5395.145,255,255
17659,176766,0.972,-5202.081,5302.121,255,255
17660,176776,1.432,-5199.480,5299.470,255,255
17661,176786,1.350,-5202.601,5402.701,255,255
17662,176796,1.116,-5294.705,5394.605,255,255
17663,176806,1.004,-5204.684,5304.774,255,255
17664,176816,0.952,-5198.441,5298.411,255,255
17665,176826,0.946,-5199.480,5399.460,255,255
17666,176836,0.630,-5197.921,5297.881,255,255
17667,176846,0.902,-5202.081,5402.161,255,255
17668,176856,1.029,-5192.730,5392.450,255,255
17669,176866,0.754,-5206.248,5306.368,255,255
17670,176876,0.791,-5198.441,5298.411,255,255
17671,176886,0.460,-5203.122,5403.242,255,255
17672,176896,0.587,-5196.882,5296.822,255,255
17673,176906,0.820,-5203.122,5403.242,255,255
17674,176916,0.267,-5197.401,5297.351,255,255
17675,176926,0.268,-5205.205,5405.405,255,255
17676,176936,0.520,-5195.324,5295.234,255,255
17677,176946,0.207,-5203.643,5403.783,255,255
17678,176956,0.210,-5196.882,5296.822,255,255
17679,176966,0.144,-5201.561,5401.621,255,255
17680,176976,-0.030,-5197.401,5297.351,255,255
17681,176986,0.174,-5203.122,5403.242,255,255
17682,176996,0.045,-5197.401,5297.351,255,255
